Faculty Employee ID,Faculty Name,Academic Year,College,PAN Number,Chapter Title,DOI,Text Book Name,ISBN Number(Textbook),Year Of Publication,Month Of Publication,Publisher,Total Authors,Faculty Author Position,"Aditya Co-author positions ( if existing )
Emp Id only",,,,,,,
,,,,,,,,,,,,,,1,2,3,4,5,6,7,8
5360,N. Anusha,2025-2026,AUS,ALCPN7958D,Futuristic Trends in Medication Management,10.2174/9798898810696125010004,"The Digital Pillbox: Integrating AI, IoT, and Pharma Solutions (Part 2)",979-889881069-6,2025,October,Bentham Science Publishers,5,1,,,,,,,,
5365,Dr. P. Laxmi Narayana,2025-2026,AUS,CUJPP8645K,Gender-Specific Socioeconomic Effects and Cultural Resilience Strategies in Water-Scarce Indian Landscapes,0.1007/978-3-032-16958-7_4,Water Health and Sustainability: Strategies for Effective Resource Management and Safe Development,978-3-032-16957-0,2026,Febraury,"Springer, Cham",2,1,,,,,,,,
6014,Dr.K.K. Pavan Kumar,2025-2026,AUS,BWKPK4316A,Computational Intelligence and IoT in Transforming Agricultural Environmental Control. ,https://doi.org/10.1002/9781394320905.ch14,Computational intelligence and image processing in Agriculture,"978-139432090-5,",2025,November, IEEE Press–Wiley,8,6,,,,,,,,
4210,Dr.Bapayya Naidu K,2025-2026,AUS,BCTPK4483M,AI-Optimized High-Performance Alloys for Aerospace and Biomedical Applications,ISBN:9781003651772,"
Advanced Materials for Biomedical Devices",978-104043842-8,2025,December,Taylor & Francis,5,2,,,,,,,,
6115,Dr.Vijay Muniyandi,2025-2026,AUS,BCGPV3384M,Post CMOS Semiconductor Field Effect Transistor,10.1002/9781394311484.ch4,Field-Effect Transistor Devices: Post-CMOS Theory and Applications,978-139431148-4,2026,January,Wiley,4,3,,,,,,,,
4761,Dr Mohammed Zubairuddin,2025-2026,AUS,AZUPM5173H,Laser Cladding for 316L Stainless steel: Parameter Effects and SYSWELD-Based Process Design,10.1201/9781003653226-4,Advanced Coating and Cladding Technologies,978-1-003-65322-6,2026,April,Taylor and Francis,6,6,,,,,,,,
4757,Dr. Sandip Kunar,2025-2026,AEC,BFXPK3866D,INTRODUCTION TO MICRO-ELECTRO MACHINING AND FABRICATION,10.1201/9781003397793_1,Electro-Micromachining and Microfabrication: Principles and Research Advances,978-1-003-39779-3,2024,April,Apple Academic Press,5,2,,,,,,,,
4757,Dr. Sandip Kunar,2025-2026,AEC,BFXPK3866D,RECENT ADVANCEMENT IN MICROTEXTURING USING ELECTROCHEMICAL MICROMACHINING,10.1201/9781003397793_13,Electro-Micromachining and Microfabrication: Principles and Research Advances,978-1-003-39779-3,2024,April,Apple Academic Press,7,1,,,,,,,,
4757,Dr. Sandip Kunar,2025-2026,AEC,BFXPK3866D,Introduction to Functional Composite Materials,10.1002/9781394242030.ch1,Functional Composites the Role in Modern Engineering. ,978-1-394-24201-6,2025,August,Wiley,4,1,,,,,,,,
4757,Dr. Sandip Kunar,2025-2026,AUS,BFXPK3866D,Mechanical degradation of polymer nanocomposites,10.1016/B978-0-443-28864-7.00014-1,Aging and Degradation of Polymer Nanocomposites,978-044328864-7,2025,November,CRC press,3,2,,,,,,,,
4757,Dr. Sandip Kunar,2025-2026,AEC,BFXPK3866D,Composite High-Entropy Alloy Coatings ,10.1201/9781003559627-13,High Entropy Alloy Coatings Fundamentals and Applications,978-104044741-3,2025,December,WILEY,3,3,,,,,,,,
4757,Dr. Sandip Kunar,2025-2026,AUS,BFXPK3866D,Metal Additive Manufacturing,10.1002/9781394365371.ch7,"Digital Manufacturing Processes 
and Applications",978-139436537-1,2025,October,ELSEVIER,4,4,,,,,,,,
4757,Dr. Sandip Kunar,2025-2026,AUS,BFXPK3866D,Introduction to Digital Manufacturing System,10.1002/9781394365371.ch1,"Digital Manufacturing Processes 
and Applications",978-139436537-1,2025,November,wiley,2,1,,,,,,,,
4757,Dr. Sandip Kunar,2025-2026,AUS,BFXPK3866D,Quantum Sensing for Real-time Structural Performance Analysis and Material Fatigue Detection,10.1201/9781003546719-19,Optical Sensors and Distributed Sensing Innovations Techniques and Applications,978-104059303-5,2025,OCTOBER,Taylor and Francis,2,1,,,,,,,,
4757,Dr. Sandip Kunar,2025-2026,AUS,BFXPK3866D,Introduction to Laser Material Processing,10.1002/9781394398799.ch1,Laser Materials Processing and Manufacturing Techniques,978-1-394-39876-8,2026,April,wiley,3,1,,,,,,,,
4757,Dr. Sandip Kunar,2025-2026,AUS,BFXPK3866D,Laser Synthesis and Microfabrication of Micro and Nano-Structured Materials,10.1002/9781394398799.ch6,Laser Materials Processing and Manufacturing Techniques,978-1-394-39876-8,2025,April,Wiley,3,3,,,,,,,,
5310,Yadluri Ravi Kishore,2025-2026,AUS,AITPY3018P,Bridging Health Equity in Times of Crisis: Ensuring Inclusive Care During Emergencies and Disasters ,10.4018/979-8-3373-1330-6.ch002,Advancing Equity in Global Healthcare Systems,979-8-337-31330-6,2025,January,IGI Global Scientific Publishing,6,4,,,,,,,,
5333,Dr Uzwalkiran Rokkala,2025-2026,AUS,BAVPR4119K,"Study on Effect of Process Parameters on Mechanical Properties of Build 
Parts Using Fused Deposition 
Modeling ",https://doi.org/10.1201/9781003686941-11,Fused Deposition Modeling Technology Applications and Developments,978-104075743-7,2025,March,CRC press,9,3,,,,,,,,
5333,Dr Uzwalkiran Rokkala,2025-2026,AUS,BAVPR4119K,Advancements and Applications of Wire Arc Additive Manufacturing With Future Perspectives,10.4018/979-8-3373-9454-1.ch006,"Engineering Advanced 
Materials for Manufacturing Energy and Smart Systems",979-8-337-39454-1,2026,May,IGI Global Scientific Publishing,7,1,,,,,,,,
5333,Dr Uzwalkiran Rokkala,2025-2026,AUS,BAVPR4119K,Nanocomposite Biomaterials for Orthopedic Implants,https://doi.org/10.1201/9781003653226,Advanced Coating and Cladding Technologies,978-1-003-65322-6,2026,April,CRC press,5,1,,,,,,,,
5775,Dr.Md.Ahasan,2025-2026,AUS,BFAPM3530H,Experimental verification with simulation studies upsetting on Al-TiB2 sintered preforms during,https://www.degruyterbrill.com/document/doi/10.1515/9783111664835-005/html,"Metal and Polymer Micro and Nano Composites: Nanoparticles, Nanofibers, Carbon-Based Materials and Coatings",978-3-111-66483-5,2026,Febraury,Walter de Gruyter GmbH & Co KG,5,1,,4731,,1957,,,,
5775,Dr.Md.Ahasan,2025-2026,AUS,BFAPM3530H,Tensile strength behavior of cellulose nanofiber-reinforced epoxy composite,https://www.degruyterbrill.com/document/doi/10.1515/9783111664835-014/html,"Metal and Polymer Micro and Nano Composites: Nanoparticles, Nanofibers, Carbon-Based Materials and Coatings",978-3-111-66483-5,2026,Febraury,Walter de Gruyter GmbH & Co KG,4,1,,,,5776,,,,
4265,Dr.Bh. Vara Prasad..,2025-2026,AUS,ANCPB1744K,Enhancement of Mechanical Properties in epoxy-based composites reinforced with magnesium oxide nanoparticles,http://doi/10.1515/9783111664835-013,Advanced Composites,21928983,2026,June,Walter de Gruyter GmbH,6,3,,,,,,,,
4204,Dr.Rajya Lakshmi Uppada,2025-2026,AUS,ACJPU6017E,Optimization of process parameters of ultrasonic-assisted stir casting on mechanical properties of AA6063/Al2O3/BN nanocomposites,https://doi.org/10.1515/9783111664835-008,Advanced Composites,2192-8983,2025,August,De Gruyter Brill Publishers,5,3,,,,,,,,
5337,Pamarthi Sunitha,2025-2026,AUS,AAPPE5845A,Metaverse-assisted telesurgery in Healthcare 5.0.,https://doi.org/10.1016/B978-0-443-30182-7.00007-5,Metaverse in the Healthcare Industry Potential Applications Tools and Techniques,978-0-443-30182-7,2025,September,Elsevier,6,5,,,,,,,,
6367,Chintha Sri Pothu Raju,2025-2026,AUS,AVIPC3621J,Ischemic stroke lesion segmentation using multiscale processing and knowledge distillation through intra-domain teacher,https://doi.org/10.1016/B978-0-443-33082-7.00015-2,Cutting-edge Computational Intelligence in Healthcare with Convolution and Kronecker Convolution-based Approaches,978-0-443-33082-7,2026,January,Elsevier,2,1,,,,,,,,
5655,Dr. Sanjeev Kumar,2025-2026,AUS,BKCPK0246H,"Privacy-Preserving Digital Identity in Resilient Healthcare Ecosystems With AI, IoT, and Blockchain",https://doi.org/10.4018/979-8-3373-9968-3,"Building Resilient Digital 
Ecosystems Security Governance and Transformation",979-8-337-39968-3,2026,March,IGI Global Scientific Publishing,5,4,,,,,,,,
6557,Paluri Krishna Veni,2025-2026,AUS,BNSPP9072R,Explainable AI (XAI) in Medical Decision Making ,10.1007/978-3-032-18871-7_13,Big Data and Blockchain in Medical Computational Robotics: Transforming eHealth and Precision Medicine Delivery,978-3-032-18870-0,2026,April,Springer,3,2,,,,,,,,
5604,Dr. Mahesh Kumar Singh,2025-2026,AUS,EAPPS8975H,Channel Response Measurements and Analysis of the Human Body for Biometric Resolutions                                         ,https://doi.org/10.2174/9798898810542125010010,"Advances in AI for Financial, Cyber, and Healthcare Analytics: A Multidisciplinary Approach",9798-898-810542,2025,October,Bentham Science,5,1,,,,159,5655,,,
5604,Dr. Mahesh Kumar Singh,2025-2026,AUS,EAPPS8975H,Secure Interaction-based Identification System: A Technique for Smart Home Authentication                                                   ,https://doi.org/10.2174/9798898810542125010009,"Advances in AI for Financial, Cyber, and Healthcare Analytics: A Multidisciplinary Approach",9798-898-810542,2025,October,Bentham Science,4,1,,5594,159,,5655,,,
6321,Dr. Raveendra Pilli,2025-2026,AUS,CIZPP4654C,Predicting biological age of the brain using magnetic resonance imaging and deep learning methods,6321doi,"DEEP LEARNING ASSESSMENT OF NEUROLOGICAL 
IMAGING",978-0-443-30291-6,2026,June,Elsevier Academic Press,2,1,,,,,,,,
6112,Dr.BMR Manasa,2025-2026,AUS,CHEPM4162Q,Improving Efficiency and Innovation in Non-Orthogonal Multiple Access (NOMA) with RIS Techniques and Its Future Scope,https://doi.org/10.1201/9781003659150,Modern Wireless Communication Systems and Networks,978-1003659150,2025,December,Taylor and Francis,4,1,,,6414,5397 ,,,,
2225,P.S.V.V. S. R. Kumar,2025-2026,AUS,AKSPP0451A ,IoT-Enabled Energy Storage Systems: Challenges and Solutions,https://doi.org/10.1002/9781394271849.ch6,Secure Energy Optimization Leveraging Internet of Things and Artificial Intelligence for Enhanced Efficiency,978-1-394-27184-9,2024,November,"Wiley
Online Library",5,4,,,,,,,,
2225,P.S.V.V. S. R. Kumar,2025-2026,AUS,AKSPP0451A ,Data Collection and Analysis for Real-Time Secure Energy Monitoring and Optimization ,https://doi.org/10.1002/9781394271849.ch15,Secure Energy Optimization Leveraging Internet of Things and Artificial Intelligence for Enhanced Efficiency,978-139427184-9,2025,January,"Wiley
Online Library",5,2,,,,,,,,
4637,Pampana Murali,2025-2026,AUS,AKSPP0451A ,Reinforced Multi-objective Optimization Framework for Adaptive Healthcare Decision Intelligence,https://doi.org/10.1515/9783111541235-024,Machine Learning in Healthcare Data Driven Decisions Predictive Modelling Personalized Medicine,978-3-111-54123-5,2026,January,De Gruyter Brill Publishers,2,1,,,,,,,,
5334,U.V. Ramesh,2025-2026,AUS,BVIP4048R, Fusion-Enhanced Adaptive Learning for Robust Multisensor Integration in Autonomous IoV ,https://doi.org/10.1002/9781394311729.ch9, Autonomous Systems in the Internet of Vehicles ,978-139431172-9,2026,Febraury, Wiley ,4,2,,,,,,,,
6143,Dr. T. Chandrasekhar,2025-2026,AUS,JFQPD4224F ,Quantum Machine Learning Empowerment for Cloud Security: A Comprehensive Literature Review,https://doi.org/10.1007/978-3-032-00586-1_21,From Bits to Qubits: The Quantum Transformation of Computing,978-3-032-00586-1,2026,January,Springer Nature Switzerland,4,1,,6251 ,4891 ,5629 ,,,,
3557,Dr. T ANIL KUMAR,2025-2026,AUS,AMKPA3165C,A LIGHTWEIGHT SPIKING CONVOLUTIONAL NEURAL NETWORK; WITH HUMAN MEMORY OPTIMIZATION ALGORITHM FOR THE DETECTION OF EPILEPTIC EEG PATTERNS ,https://doi.org/10.5281/zenodo.19252056,"TRENDS IN MODERN ELECTRONICS: IOT, COMMUNICATION
TECHNOLOGIES AND INTELLIGENT SYSTEM",978-93-7085-055-2,2026,Febraury,SKYLINE GLOBAL PUBLICATIONS,4,3,,,,,,,,
5959,Beeram Siva Krishna,2025-2026,AUS,CJLPB4993B,"E-Waste in India: A Comprehensive Review of EM Radiation Emissions, Impacts, and Policy Interventions",https://doi.org/10.1007/978-981-95-0329-2_11,"E-Waste: From Generation to Management–Practices, Challenges, and Solutions",978-981-95-0329-2,2025,November,"Springer, Singapore",2,1,,1,,5372,,,,
5392,Dr. Chitrada Prasad,2025-2026,AUS,ALSPC4077C,Modulation of Waveform Effect on Ni/Nano‐ZrO 2 –TiO 2 Composite Coating on Mild Steel,https://doi.org/10.1002/9781394242030.ch5,Functional Composites: Role in Modern Engineering,978-13942-42030,2025,August,John Wiley & Sons,5,3,,,,7,,,,
4939,Dr. Chokkareddy Rajasekhar Reddy,2025-2026,AUS,ASPPR3878J,Recent Enzyme Discovery: Engineering Strategies for Biocatalysis and Its Applications,10.1007/978-3-032-08576-4_10,Current Applications of Nanobiomaterials,978-3-032-08575-7,2026,January,"Springer, Cham ",6,1,,,,,,,,
4939,Dr. Chokkareddy Rajasekhar Reddy,2025-2026,AUS,ASPPR3878J,Nanomaterial-Based Point-of-Care Devices: Medicinal Applications,10.1007/978-3-032-08576-4_11,Current Applications of Nanobiomaterials,978-3-032-08575-7,2026,January,"Springer, Cham ",5,1,,7,5326,,,,,
5372,Dr. Gadipelli Prakash,2025-2026,AUS,BQRPG9838E,Eco Strategies for E-Waste Collection and Responsible Disposal,10.1007/978-981-95-0329-2_7," E-Waste: From Generation to Management–Practices, Challenges, and Solutions",978-981-95-0328-5,2025,October,Springer Nature Link,1,1,,,,,,,,
6407,Dr. Ravichandra Thangjam,2025-2026,AUS,CVQPS8292F,Blue Economy Innovation: Enhancing Marine Resilience Through Sustainable Technologies,10.1007/978-3-032-13638-1_14,"The Blue Economy and Environmental Sustainability: Advancing Global Governance, Innovation, and Finance for a Resilient Future",978-3-032-13637-4,2026,January,Springer Nature Switzerland AG (Springer Cham),5,1,,,,,,,,
6600,Nisha Kumari,2025-2026,AUS,GAWPK5197J,The Research on AI and Sustainable Social Development: A Bibliometric Analysis of Three Decades,10.1201/9781042233595-12,Artificial Intelligence in Action: Transforming Industries and Society,978-1-032-96064-6,2025,December,CRC Press (Taylor & Francis Group),2,1,,,,,,,,
6035,K. Pardha Sai,2025-2026,AUS,HUJPK7061R,Emotion AI as a catalyst for conflict resolution: Enhancing Emotional Intelligence and Fairness in the Modern Workplace,10.4018/979-8-3373-3658-9.ch016,Harnessing Emotion AI for Customer Support and Employee Wellbeing,979-8-3373-3657-2,2025,July,IGI Global,4,4,,,,,,,,
3760,M. Govardhan Reddy,2025-2026,AUS,BCZPM7588M,Futurescape Marketing: Crafting Memorable Brand Stories in the Metaverse,10.2174/9798898810368125010014,The Metaverse Era: Reinventing Customer Engagement and Digital Marketing,979-8-89881-037-5,2025,September,Bentham Science Publishers,3,3,,,,,,,,
3760,M. Govardhan Reddy,2025-2026,AUS,BCZPM7588M,Anticipatory AI Leadership: Strategic Foresight and Scenario Planning for Future-Ready Education,10.4018/979-8-3373-7153-5.ch002,Redefining Global Creative Sectors Through AI and Human Augmentation,979-8-3373-7153-5,2026,March,IGI Global,3,3,,,,,,,,
4753,Dr. Pindiprolu Satya Sesha Sai Sai Kiran,2025-2026,AUS,CPWPP0652Q,"Targeted Drug Delivery: Amyloid Beta Targeting Drugs, Immunotherapy, Anti-Tau and Aggregation Inhibitor, Microtubule-Stabilizing, and Neuroinflammation Modulation",10.1007/978-981-96-0259-9_12,Multi-Factorial Approach as a Therapeutic Strategy for the Management of Alzheimer’s Disease,978-981960259-9,2025,October,Springer Nature,5,2,,,,,,,,
4390,Dasari Nagasen,2025-2026,AUS,BFYPD4196J,Introduction to Drug Discovery,10.4324/9781003564041-1,Introduction to Drug Discovery,978-104040928-2,2025,October,Taylor & Francis,6,5,,,,,,,,
5031,Dr. CH. S. Phani Kumar,2025-2026,AUS,ALNPC6240L,Computational Simulation of Drug Delivery at the Molecular Level,10.1007/978-981-96-4154-3_1,Applications of Computational Tools in Drug Design and Development,978-981964154-3,2025,October,Springer Nature,5,1,,,,,,,,
849,Dr.T.udaya kumar,2025-2026,AUS,AFOPT4872L,Poly phenols in Functional Materials and Biotechnology,10.1201/9781003564300-18,"Exploring the synthesis ,Ethnopharmacology,and therapeutic Applications of Bioactive Phenols",978-1-032-91636-1,2026,April,Taylor & Francis,6,2,,,,,,,,
5261,GUMMADI RAMA KRISHNA,2025-2026,AUS,AJMPR0436N ,In-Vitro and In-Vivo Models for Glioblastoma,10.4018/979-8-3373-2695-5.ch006,Glioblastoma and New Therapeutic Drugs and Approaches,979-833732697-9,2025,October,IGI Global Scientific Publishing,5,1,,4753,,,5031,,,
5184,ARUMILLI SWETHA,2025-2026,AUS,BCBPA3285M,Precision medicine in cancer metabolism: personalized approaches exploiting metabolic vulnerabilities,https://doi.org/10.1016/B978-0-443-33459-7.00012-0,emerging strategies in cancer metabolism,978-0-443-33459-7,2025,October,Academic press,4,4,,,,,,,,
5184,ARUMILLI SWETHA,2025-2026,AUS,BCBPA3285M,Emerging technologies in modifying inulin properties for sustainable and innovative product development,https://doi.org/10.1016/B978-0-443-36617-8.00017-4,comprehensive guide to inulin,978-0-443-36617-8,2025,November,Academic press,3,2,,3632,,5985,,,,
5184,ARUMILLI SWETHA,2025-2026,AUS,BCBPA3285M,liquid biopsy in breast cancer,B978-0-443-27496-1.00001-4,liquid biopsy in cancer management,978-0-443-27496-1,2025,December,Academic press,4,3,,,,,,,,
