Faculty Employee ID,Faculty Name,Academic Year,College,Title,DOI,Conference Name,"Level
(National/international)
",Year Of Publication,Month Of Publication,ISSN/ISBN,Publisher,Indexing,Total Authors,Faculty Author Position,"Aditya Co-author positions ( if existing )
Emp Id only",,,,,,,
,,,,,,,,,,,,,,,1,2,3,4,5,6,7,8
6170, M. Sai Chaithanya,2025-2026,AUS,Experimental analysis and computation of confined equations for pretensioned iron pipe compression concrete stub columns,10.1117/12.3082286,"International Conference on Mathematical and Statistical Physics, Computational Science, Education, and Communication (ICMSCE 2025)",International,2025,September,ISBN: 978-1-5106-9819-2,International Society for Optics and Photonics,Scopus,4,3,,,,,,,,
5306, N. Bhaskara Rao,2025-2026,AUS,"Exploring the mechanical, thermal, and structural attributes of pithecellobium dulce fiber for green composite reinforcement.",10.1117/12.3082277,"International Conference on Mathematical and Statistical Physics, Computational Science, Education, and Communication
(ICMSCE 2025)",International,2025,September,ISBN: 978-1-5106-9819-2,International Society for Optics and Photonics,Scopus,5,3,,,,,,,,
5306,N. Bhaskara Rao,2025-2026,AUS,Tribological assessment of CuZn40Pb3 alloy under vacuum and ambient conditions: Influence of contact stress on wear mechanisms.,doi.org/10.1117/12.3082250,"International Conference on Mathematical and Statistical Physics, Computational Science, Education, and Communication
(ICMSCE 2025)",International,2025,September,ISBN: 978-1-5106-9819-2,International Society for Optics and Photonics,Scopus,5,3,,,,,,,,
6100,T. Suman Kumar,2025-2026,AUS,"Experimental investigation on 3D printed polymer matrix composites for enhanced tensile strength, hardness, and flexural properties",10.1117/12.3082239,"International Conference on Mathematical and Statistical Physics, Computational Science, Education, and Communication (ICMSCE 2025)",International,2025,September,ISBN: 978-1-5106-9819-2,International Society for Optics and Photonics,Scopus,5,3,,,,,,,,
6100,T. Suman Kumar,2025-2026,AUS,Moisture interaction and wetting behavior of natural and synthetic fibrous insulation materials,doi.org/10.1117/12.3082240,"International Conference on Mathematical and Statistical Physics, Computational Science, Education, and Communication (ICMSCE 2025)",International,2025,September,ISBN: 978-1-5106-9819-2,International Society for Optics and Photonics,Scopus,4,3,,,,,,,,
5404,Mr. Maheshwara Rao,2025-2026,AUS,"Choosing the most efficacious weatherproof epithelial alternate
solution for multipurpose tilted rooftops",https://doi.org/10.1117/12.3082241,"SPIE Conference on Mathematical and Statistical Physics, Computational Science, Education, and Communication, 2025, Istanbul, Turkey",International,2025,October ,978-1-5106-9819-2,"Proceedings of SPIE, Volume 13941",Scopus,4,3,,,,,,,,
5404,Mr. Maheshwara Rao,2025-2026,AUS,Examining the fatigue behaviour of bituminous adhesives and mixtures using date fruit soot,https://doi.org/10.1117/12.3082296,"International Conference on Mathematical and Statistical Physics, Computational Science, Education, and Communication (ICMSCE 2025), 139410G (27 Oct 2025);",International,2025,October ,,"Proceedings of SPIE, Volume 13941",Scopus,5,3,,,,,,,,
4543,Mr. George Ferdandez,2025-2026,AUS,Automated Bowel Sound Diagnosis Using Hybrid Neural Networks and Night-Time Contact Microphone Data,10.1109/IC-EETA66496.2025.11548332,"Proceedings of IEEE International Conference on Emerging Engineering Technologies and Applications, IC-EETA 2025",International,2025,November,979-833159566-1,Proceedings of IEEE International Conference,Scopus,6,5,,,,,,,,
5360,Mr. Anusha,2025-2026,AUS,Exploring the relationship between microstructure and mechanical properties in advanced materials,https://doi.org/10.1063/5.0298054,"CONFERENCE ON ADVANCEMENTS IN SUSTAINABLE ENERGY, MATERIALS, AND MANUFACTURING TECHNOLOGY: ICASMMT2024",International,2025,September,ISSN 1551-7616,AIP Conference Proceedings,Scopus,6,2,,,,,,,,
5291,Dr. B. Ramsagar,2025-2026,AUS,Attention-Based LSTM and Advanced Boosting Models for Multivariate Carbon Emission Regression,10.1109/ICCTWC68241.2026.11583035,"International Conference on Computing Theory and Wireless Communications, ICCTWC 2026",International,2026,July,979-833157660-8,Institute of Electrical and Electronics Engineers Inc.,Scopus,6,5,,,,,,,,
5477,Pramod Kumar Irlapati,2025-2026,AUS,Smart Grid Optimization: Implementing AI and Machine Learning for Predictive Energy Load Balancing,https://ieeexplore.ieee.org/document/11076735,2025 Global Conference in Emerging Technology (GINOTECH),International,2025,July,Electronic ISBN:979-8-3315-0776-3                    Print on Demand(PoD) ISBN:979-8-3315-0776-3,IEEE,Scopus,6,4,,,,,,,,
3926,Mr. M.Satyanarayana Raju,2025-2026,AUS,"Improved Response and Dynamic Modeling of a Five
Phase Direct Torque Control for Induction Motor Drive",https://ieeexplore.ieee.org/document/11158783,"2025 International Conference on Computing Technologies & Data Communication (ICCTDC)
",International,2025,September,ISBN:979-8-3315-2798-3,IEEE,Scopus,8,2,,,,,,,,
3926,Mr. M.Satyanarayana Raju,2025-2026,AUS,"3DOF-PID Controllers based DTC of Five Phase
Induction Motor Drive",https://ieeexplore.ieee.org/document/11158150,"2025 International Conference on Computing Technologies & Data Communication (ICCTDC)
",International,2025,September,ISBN:979-8-3315-2798-3,IEEE,Scopus,9,3,,,,,,,,
4301,Dr.M.Ravindra,2025-2026,AUS,Stator Inter Turn Short Circuit Fault and Voltage Unbalances of Three Phase Induction Motor,https://ieeexplore.ieee.org/document/11158722, 2025 International Conference on Computing Technologies & Data Communication (ICCTDC),International,2025,July,979-8-3315-2798-3/25,IEEE,Scopus,8,3,,,,,,,,
1983,Venkata Veeranjaneyulu I,2025-2026,AUS,Multi-Source Hybrid Microgrid Optimization Using HOMER Pro: A Case Study for Campus-Scale Energy Sustainability,https://ieeexplore.ieee.org/document/11213123,11th International Conference on Electrical Energy Systems (ICEES),International,2025,October ,ISBN:979-8-3315-2798-3,IEEE,Scopus,6,3,,,,,,,,
1430,Mr.Mummidi P Subba Raju,2025-2026,AUS,"Optimal Sizing of Renewable Energy Resources Based Isolated Microgrid for Remote Area Kukma, Gujarat",https://ieeexplore.ieee.org/document/11212998,11th International Conference on Electrical Energy Systems (ICEES),International,2025,October ,"Electronic ISSN: 2693-3934
Print on Demand(PoD) ISSN: 2693-3942",IEEE,Scopus,6,3,,,,,,,,
2711,Mr. S. Reddy Ramesh,2025-2026,AUS,Hybrid Machine Learning Framework for Environment-Based Fish Disease Detection in Sustainable Aquaculture Systems,https://ieeexplore.ieee.org/document/11307491,International Conference on Electric Circuits and signaling Technologies ,International,2025,December,ISBN:979-8-3315-5673-0,IEEE,Scopus,6,2,,,,,,,,
97,Dr.K.Manoz kumar Reddy,2025-2026,AUS,Autonomous inspection and maintenance of underground cables via AI powered drones and sensors,https://ieeexplore.ieee.org/document/11434157,"2025 International Conference on advances in computation,communication and information technology (ICAICCIT)
",International,2026,March,979-8-3315-2798-3,IEEE,Scopus,6,5,,,,,,,,
5788,P.SriKavitha,2025-2026,AUS,BWKA Based MPPT of a PV System Under Partial Shading Conditions for Charging the Battery Bank,https://ieeexplore.ieee.org/document/11341459/,"2025 IEEE 2nd International Conference on Information Technology, Electronics and Intelligent Communication Systems (ICITEICS)",International,2026,January,Electronic ISBN:979-8-3315-0784-8  Print on Demand(PoD) ISBN:979-8-3315-0785-5,IEEE,Scopus,6,3,,,,,,,,
5788,P.SriKavitha,2025-2026,AUS,Super Twisting Sliding Mode Controllers Based Direct Torque Control of BLDC Motor,https://ieeexplore.ieee.org/document/11341006/,"2025 IEEE 2nd International Conference on Information Technology, Electronics and Intelligent Communication Systems (ICITEICS)",International,2026,January,Electronic ISBN:979-8-3315-0784-8  Print on Demand(PoD) ISBN:979-8-3315-0785-5,IEEE,Scopus,6,3,,,,,,,,
1983,Dr. Venkata Veeranjaneyulu I,2025-2026,AUS,Design of PV System with Battery Backup Using Different Hybrid MPPT Techniques,10.1109/ICITEICS64870.2025.11340912,"2025 IEEE 2nd International Conference on Information Technology, Electronics and Intelligent Communication Systems (ICITEICS)",International,2026,January,Electronic ISBN:979-8-3315-0784-8  Print on Demand(PoD) ISBN:979-8-3315-0785-5,IEEE,Scopus,6,5,,,,,,,,
4301,Dr.M.Ravindra,2025-2026,AUS,Direct Torque Control of Five Phase Induction Motor Using Batch Normalization Based TSK Fuzzy Controllers,10.1109/ICITEICS64870.2025.11340865,"2025 IEEE 2nd International Conference on Information Technology, Electronics and Intelligent Communication Systems (ICITEICS)",International,2026,January,Electronic ISBN:979-8-3315-0784-8  Print on Demand(PoD) ISBN:979-8-3315-0785-5,IEEE,Scopus,6,3,,,,,,,,
4301,Dr.M.Ravindra,2025-2026,AUS,Closed Loop Control for a Switched-Capacitor Configured Non-Isolated High Step-Up DC Converter,https://doi.org/10.1109/ICITEICS64870.2025.11341128,"2025 IEEE 2nd International Conference on Information Technology, Electronics and Intelligent Communication Systems (ICITEICS)",International,2026,January,Electronic ISBN:979-8-3315-0784-8  Print on Demand(PoD) ISBN:979-8-3315-0785-5,IEEE,Scopus,6,3,,,,,,,,
4301,Dr.M.Ravindra,2025-2026,AUS,MPPT of PMSG Coupled Wind Power Conversion System with a Switched-Capacitor Based Non-Isolated High Step-Up DC-DC Converter,https://doi.org/10.1109/ICITEICS64870.2025.11341370,"2025 IEEE 2nd International Conference on Information Technology, Electronics and Intelligent Communication Systems (ICITEICS)",International,2026,January,Electronic ISBN:979-8-3315-0784-8  Print on Demand(PoD) ISBN:979-8-3315-0785-5,IEEE,Scopus,6,4,,,,,,,,
4301,Dr.M.Ravindra,2025-2026,AUS,Ant Colony Optimization of Energy Storage System for Scheduling a Day Ahead in a Microgrid Supplied by Renewable Energy Sources,https://doi.org/10.1109/ICITEICS64870.2025.11341418,"2025 IEEE 2nd International Conference on Information Technology, Electronics and Intelligent Communication Systems (ICITEICS)",International,2026,January,Electronic ISBN:979-8-3315-0784-8  Print on Demand(PoD) ISBN:979-8-3315-0785-5,IEEE,Scopus,6,4,,,,,,,,
4210,Dr.K.Bapayya Naidu,2025-2026,AUS,High Gain DC-DC Cuk Converter with Optimized Control for BLDC Motor-Based EV Propulsion,https://doi.org/10.1007/978-981-96-9716-8_30,International Conference on Power Engineering and Intelligent Systems (PEIS),International,2026,February,"Print ISBN
978-981-96-9715-1

Online ISBN
978-981-96-9716-8",Springer,Scopus,5,1,,,,,,,,
4210,Dr.K.Bapayya Naidu,2025-2026,AUS,Solar-Powered Electric Vehicles: High-Gain SEPIC Converter with Neural Network MPPT,https://doi.org/10.1007/978-981-95-0207-3_30,International Conference on Power Electronics and Renewable Energy Systems,International,2026,February,"Print ISBN
978-981-95-0206-6

Online ISBN
978-981-95-0207-3",Springer,Scopus,6,1,,,,,,,,
5225,Dr.Naladi Ram Babu,2025-2026,AUS,A Hierarchical Multi-Modal Deep Learning Model for Stock Market Movement Prediction,https://ieeexplore.ieee.org/document/11486233,2026 Contemporary Computing Innovations Conference (CCIC),International,2026,April,"Electronic ISBN:979-8-3195-2966-4
Print on Demand(PoD) ISBN:979-8-3195-2967-1",IEEE,Scopus,6,6,,,,,,,,
5225,Dr.Naladi Ram Babu,2025-2026,AUS,Hybrid Deep Learning and Metaheuristic Optimization for Multi-Class Knee Osteoarthritis X-ray Classification,https://ieeexplore.ieee.org/document/11485158,2026 6th International Conference on Expert Clouds and Applications (ICOECA),International,2026,April,"Electronic ISBN:979-8-3315-7451-2
DVD ISBN:979-8-3315-7450-5
Print on Demand(PoD) ISBN:979-8-3315-7452-9",IEEE,Scopus,6,6,,,,,,,,
5225,Dr.Naladi Ram Babu,2025-2026,AUS,A Multi-Label Fake News Detection Framework Using Undersampling and Transformer-Based Deep Learning Models,https://ieeexplore.ieee.org/document/11436731,"2026 5th International Conference on Communication, Computing and Electronics Systems (ICCCES)",International,2026,March,"Electronic ISBN:979-8-3315-5621-1
DVD ISBN:979-8-3315-5620-4
Print on Demand(PoD) ISBN:979-8-3315-5622-8",IEEE,Scopus,6,5,,,,,,,,
5225,Dr.Naladi Ram Babu,2025-2026,AUS,A Climate-Aware Transformer Framework for Crop Yield Prediction using Satellite Imagery & Weather Data,https://ieeexplore.ieee.org/document/11416573,2026 International Conference on Electronics and Renewable Systems (ICEARS),International,2026,March,"Electronic ISBN:979-8-3315-4881-0
DVD ISBN:979-8-3315-4880-3
Print on Demand(PoD) ISBN:979-8-3315-4882-7",IEEE,Scopus,6,6,,,,,,,,
5225,Dr.Naladi Ram Babu,2025-2026,AUS,An Efficient Machine Learning Ensemble Framework for Parkinson's Disease Detection Using Voice Features with Class Balancing,https://ieeexplore.ieee.org/document/11453988,2026 8th International Conference on Intelligent Sustainable Systems (ICISS),International,2026,March,"Electronic ISBN:979-8-3315-5318-0
DVD ISBN:979-8-3315-5317-3
Print on Demand(PoD) ISBN:979-8-3315-5319-7",IEEE,Scopus,6,5,,,,,,,,
6115,Dr.Vijay M,2025-2026,AUS,An Investigation on Motor Imagery EEG Classification Using Random Forest Algorithm,https://link.springer.com/chapter/10.1007/978-981-95-7241-0_7,Innovations in Artificial Intelligence and Computing,International,2026,May,978-981-95-7240-3,Springer,Scopus,3,3,,,,,,,,
1952,K. Rambabu,2025-2026,AUS,"Predictive Fault Detection In Power System Using
Machine Learning",https://ieeexplore.ieee.org/document/11542240,2026 1st International Conference on Artificial Intelligence & Machine Learning in Communication and Power Systems (AIMLCPS),International,2026,June ,Electronic ISBN:979-8-3315-5920-5,IEEE,Scopus,6,6,,,,,,,,
1551,Sana Vani,2025-2026,AUS,Vision Transformers-Based Energy Consumption Forecasting System for Industrial Loads,https://ieeexplore.ieee.org/document/11545388,2026 6th International Conference on Recent Trends in Computer Science and Technology (ICRTCST),International,2026,June ,979-8-3315-9186-1,IEEE,Scopus,6,2,,,,,,,,
7,Dr.A.Ramesh,2025-2026,AUS,Machine Learning Based Short Term Load Forecasting Using APSLDC Operational and Weather Data,https://ieeexplore.ieee.org/document/11544331, 2026 2nd International Conference on Big Data & Machine Learning (ICBDML),International,2026,June ,Electronic ISBN:979-8-3195-3091-2,IEEE,Scopus,3,3,,,,,,,,
4957,Mr.T.Lakshmi Narayana,2025-2026,AUS,Optimal Allocation of Micro PMUs in Distribution Systems Using Catch Fish Optimization Algorithm for Complete Observability,https://doi.org/10.1109/ICITEICS64870.2025.11341443,"2025 IEEE 2nd International Conference on Information Technology, Electronics and Intelligent Communication Systems (ICITEICS)",International,2026,January,Electronic ISBN:979-8-3315-0784-8  Print on Demand(PoD) ISBN:979-8-3315-0785-5,IEEE,Scopus,3,3,,,4301,,,,,
4957,Mr.T.Lakshmi Narayana,2025-2026,AUS,MPPT of PV System with a Switched-Capacitor Based Non-Isolated High Gain Step-Up DC-DC Converter,https://doi.org/10.1109/ICITEICS64870.2025.11341545,"2025 IEEE 2nd International Conference on Information Technology, Electronics and Intelligent Communication Systems (ICITEICS)",International,2026,January,Electronic ISBN:979-8-3315-0784-8  Print on Demand(PoD) ISBN:979-8-3315-0785-5,IEEE,Scopus,6,4,,,,4301,,,,
2039,Dr. B S S Ganesh Pardhu,2025-2026,AUS,Fast Global MPPT Tracking of Partially Shaded PV System using Hybrid Decision Tree-PSO Algorithm,https://doi.org/10.1109/ICIMA68728.2026.11564629,8th International Conference on Inventive Material Science and Applications (ICIMA) 2026,International,2026,June ,"Electronic ISBN:979-8-3315-7814-5
DVD ISBN:979-8-3315-7813-8
Print on Demand(PoD) ISBN:979-8-3315-7815-2",IEEE,Scopus,6,5,,,,,,,,
2039,Dr. B S S Ganesh Pardhu,2025-2026,AUS,Machine Learning Decision Tree based Energy Management in Grid-Connected Wind-Battery System for EV Charging Applications,https://doi.org/10.1109/ICIMA68728.2026.11564633,8th International Conference on Inventive Material Science and Applications (ICIMA) 2026,International,2026,June ,"Electronic ISBN:979-8-3315-7814-5
DVD ISBN:979-8-3315-7813-8
Print on Demand(PoD) ISBN:979-8-3315-7815-2",IEEE,Scopus,6,5,,,,,,,,
2039,Dr. B S S Ganesh Pardhu,2025-2026,AUS,An Efficient Hybrid CNN-LSTM Framework for Network Intrusion Detection Using UNSW Data,https://doi.org/10.1109/I3CTCON68242.2026.11507239,2026 IEEE International Conference for Convergence in Computing Technology (I3CTCON),International,2026,May,"Electronic ISBN:979-8-3315-7656-1
Print on Demand(PoD) ISBN:979-8-3315-7657-8",IEEE,Scopus,6,5,,,,,,4765,,
2039,Dr. B S S Ganesh Pardhu,2025-2026,AUS,A Multi-Scale Deep Learning Framework for Automated Cardiac Arrhythmia Classification Using ECG Signals,https://doi.org/10.1109/ICISS67859.2026.11453879,8th International Conference on Intelligent Sustainable Systems (ICISS),International,2026,March,"Electronic ISBN:979-8-3315-5318-0
DVD ISBN:979-8-3315-5317-3
Print on Demand(PoD) ISBN:979-8-3315-5319-7",IEEE,Scopus,6,5,,,,,,4765,,
1952,K. Rambabu,2025-2026,AUS,"An Enhanced Machine Learning Ensemble
Framework for Malicious URL Detection using
NLP and Undersampling Techniques",https://ieeexplore.ieee.org/document/11436995,"Proceedings of the 5th International Conference on Communication, Computing and Electronics Systems (ICCCES-2026)",International,2026,January,ISBN: 979-8-3315-5621-1,IEEE,Scopus,2,1,,,,,,,,
2347,Dr.N.Rajesh,2025-2026,AUS,An Intelligent Ultrasound System using YOLO Baby for Real-Time Fetal Growth and Anomaly Detection,ieeexplore.ieee.org/document/11459722,"2025 6th International Conference on Smart Electronics and Communication (ICOSEC)24-26 Sept. 2025, DOI: 10.1109/ICOSEC67334.2025",International,2026,April,ISBN Information: Electronic ISBN:979-8-3315-9859-4.  DVD ISBN:979-8-3315-9858-7.   Print on Demand(PoD) ISBN:979-8-3315-9860-0,IEEE,Scopus,6,5,,,,,,,,
5278,K.Sandhya Rani,2025-2026,AUS,Design and Analysis of a Footstep Energy Harvesting System Using Rack and Pinion Mechanism,10.1109/ODICON66687.2026.11470968,"4th Odisha International Conference on Electrical Power Engineering, Communication and Computing Technology (ODICON-2026), organized by Department of Electrical Engineering, Institute of Technical Education & Research, Siksha 'O' Anusandhan Deemed to be University, Bhubaneswar, Odisha, India",International,2026,February,979-8-3315-7088-0/26/$31.00 ©2026 IEEE ,ODICON,Scopus,3,3,,,,,,,,
6014,Dr. K.K.Pavan Kumar,2025-2026,AUS,Digital Twin Framework for Predictive Maintenance of Autonomous Vehicle suspension system ,10.1109/STPEC66316.2025.11490804,"2025 IEEE 4th International Conference on Smart Technologies for Power, Energy and Control (STPEC)",International,2025,December,"Electronic ISBN:979-8-3315-9806-8
Print on Demand(PoD) ISBN:979-8-3315-9807-5",IEEE,Scopus,9,2,,,,,,,,
6014,Dr. K.K.Pavan Kumar,2025-2026,AUS,Smart Thermal Regulation in EV Batteries Using Real-Time Digital Twin Feedback for Enhanced performance,https://doi.org/10.1109/STPEC66316.2025.11490425,"2025 IEEE 4th International Conference on Smart Technologies for Power, Energy and Control (STPEC)",International,2025,December,"Electronic ISBN:979-8-3315-9806-8
Print on Demand(PoD) ISBN:979-8-3315-9807-5",IEEE,Scopus,9,2,,,,,,,,
6087,Dr.P.BalaKrishna,2025-2026,AUS,Fault-Tolerant Cascaded H-Bridge Inverter with Redundant IGBT Switching for Self-Healing Operation ,https://ieeexplore.ieee.org/document/11507438,2026 IEEE International Conference for Convergence in Computing Technology (I3CTCON) ,International,2026,May,"Electronic ISBN:979-8-3315-7656-1
Print on Demand(PoD) ISBN:979-8-3315-7657-8",IEEE,Scopus,6,4,,,,,,,,
5803,Dr. Sirisha Narkedamilli,2025-2026,AUS,Novel Configuration of Multilevel Inverter with Reduced Switch Count for PV Applications,https://ieeexplore.ieee.org/document/11341278/authors#authors,"IEEE  2ND iNTERNATION CONFERENCE ON INFORMATION TECHNOLOGY, ELECTRONICS AND INTELLIGENT COMMUNICATION SYSTEMS (ICITEICS)",International,2025,August,https://doi.org/10.1109/ICITEICS64870.2025.11341278,IEEE,Scopus,8,4,,,,,,,,
6046,Dr.G. Ramudu,2025-2026,AUS,Mission Profile Based Component-Wise Reliability Assessment of Grid-Connected Transformer-Based Nine-Level Multilevel Inverters,https://ieeexplore.ieee.org/document/11255567, 2025 IEEE 5th International Conference on Sustainable Energy and Future Electric Transportation (SEFET),International,2025,December, 10.1109/SEFET65155.2025.11255567,IEEE,Scopus,5,5,,,,,,,,
6046,Dr.G. Ramudu,2025-2026,AUS,ANN Based Sampling Time Selection Criterion for Model Predictive Controlled Multilevel Converter,https://ieeexplore.ieee.org/abstract/document/11183358,2025 IEEE North-East India International Energy Conversion Conference and Exhibition (NE-IECCE),International,2025,October , 10.1109/NE-IECCE64154.2025.11183358,IEEE,Scopus,5,5,,,,,,,,
4447,Dr.N.Bhanu Teja,2025-2026,AUS,Improving Efficiency in Solar Desalination Introducing Innovative Mechanical Methods for Sustainable Generation of Freshwater,https://doi.org/10.1007/978-981-96-7576-0_36,Recent Trends in Manufacturing Engineering,International,2025,October ,978-981-96-7575-3,Springer,Scopus,6,4,,,,,,,,
5285,Dr. Mallireddy Naresh ,2025-2026,AUS,Advancing Materials Design and Optimization for Improved Mechanical Performance in Solar Desalination Systems,https://doi.org/10.1007/978-981-96-7576-0_38,Recent Trends in Manufacturing Engineering: Select Proceedings of ICMech ,International,2025,October ,978-981-96-7575-3,Springer,Scopus,6,1,,,,,,,,
5775,Dr.Md.Ahasan,2025-2026,AUS,Design of wheel chair for physically challenged people using Arduino,https://doi.org/10.1063/5.0342057,INTERNATIONAL CONFERENCE ON SUSTAINABLE MATERIALS AND MANUFACTURING FOR INDUSTRY 5.0 (ICSMMI 2025),International,2026,June ,1551-7616,AIP Publishing,Scopus,5,4,,,,,,,,
5775,Dr.Md.Ahasan,2025-2026,AUS,Engine emission reduction with piston head size variation,https://doi.org/10.1063/5.0341927,"AIP Conference Proceedings (Vol. 3418, 030022)",International,2026,June ,1551-7616,AIP Publishing,Scopus,4,2,,,5776,,,,,
5775,Dr.Md.Ahasan,2025-2026,AUS,Mechanical and Microstructural Evaluation of Stir-Cast Aluminium Metal Matrix Composites,10.1088/1742-6596/3196/1/012050,17th International Conference on Materials Processing and Characterisation,International,2026,March,1742-6596,IOP,Scopus,7,1,,,,4731,5776,,,
5775,Dr.Md.Ahasan,2025-2026,AUS,Examine Surface Quality Analysis of Wire Arc Additive Manufacturing Components with Mechanical Post-Processing Tool,10.1088/1742-6596/3196/1/012037,17th International Conference on Materials Processing and Characterisation,International,2026,April,1742-6596,IOP,Scopus,5,4,,,,,,,,
5229,Dr. D. V. N. Koteswara Rao,2025-2026,AUS,A Flexible UWB Antenna for Breast Cancer Detection Application,https://doi.org/10.1109/ICoEIT63558.2025.11211684,2025 International Conference on Engineering Innovations and Technologies (ICoEIT),International,2025,July,979-8-3315-2595-8,IEEE,Scopus,6,1,,,,,,5577,,
5577,Dr. Ch V Ravi Sankar,2025-2026,AUS,Development of Compact Antenna for Drone Applications,https://doi.org/10.1109/ICoEIT63558.2025.11211863,2025 International Conference on Engineering Innovations and Technologies (ICoEIT),International,2025,July,979-8-3315-2595-8,IEEE,Scopus,7,1,,,,,5611,,5229,
4441,Y.Yamini Devi,2025-2026,AUS,Energy-aware and fault-tolerant LFSR architecture for low-power VLSI applications,https://doi.org/10.1109/ICOSEC67334.2025.11459670,6th International Conference on smart electronics and communication (ICOSEC-2025),International,2025,September,979-8-3315-9859-4,IEEE,Scopus,2,2,,,,,,,,
5143,Dr. G. Suresh,2025-2026,AUS,Fused Multi-Modal Image Enhancement based on Shearlet-Contourlet,https://doi.org/10.1109/iSSSC66652.2025.11387983,"2025 IEEE 3rd International Symposium on Sustainable Energy, Signal Processing and Cybersecurity",International,2025,November,979-8-3315-9524-1,IEEE,Scopus,3,3,,,,,,,,
5143,Dr. G. Suresh,2025-2026,AUS,Monkeypox Skin Lesion Classification Using Hybrid Deep Learning Model,https://doi.org/10.1109/GIEST66547.2025.11387112, 2025 IEEE 2nd International Conference on Green Industrial Electronics and Sustainable Technologies (GIEST),International,2025,October ,979-8-3315-7436-9,IEEE,Scopus,4,4,,,,,,,,
4695,Mr G Usandra Babu,2025-2026,AUS,An Intelligent HMAC-Integrated Optimization System for Reliable Wireless Sensor Networks,https://doi.org/10.1109/I2ITCON65200.2025.11210448,"2025 International Conference on Information, Implementation, and Innovation in Technology (I2ITCON)",International,2025,November,979-8-3315-3482-0,IEEE,Scopus,6,4,,,,,,,,
4695,Mr G Usandra Babu,2025-2026,AUS,Secure Communication Protocol for VANETs using NS2 Simulator,https://doi.org/10.1109/I2ITCON65200.2025.11210581,"2025 International Conference on Information, Implementation, and Innovation in Technology (I2ITCON)",International,2025,July,979-8-3315-3482-0,IEEE,Scopus,6,4,,,,,,,,
4695,Mr G Usandra Babu,2025-2026,AUS,IoT-based Secure Smart Shopping System Applications,https://doi.org/10.1109/ICISC65841.2025.11187608,9th International Conference on Inventive Systems and Control (ICISC-2025),International,2025,October ,979-8-3315-1247-7,IEEE,Scopus,6,6,,,,,,,,
6548,Mr Mudunru Suneel,2025-2026,AUS,Detecting Fetal Brain Abnormalities from Ultrasound Images by Deep Learning Methods,https://doi.org/10.1109/ICIDCA66325.2025.11280372,7th International Conference on Innovative Data Communication Technologies and Application (ICIDCA-2025),International,2025,December,979-8-3315-1414-3,IEEE,Scopus,6,4,,,,,6498,,,
5337,Dr.P.Sunitha,2025-2026,AUS,Flower Segmentation and Classification Using U-Net + ResNeXt Deep Model,https://doi.org/10.1007/978-3-031-78925-0_44,International Conference on Hybrid Intelligent Systems,International,2025,July,978-3-031-78925-0,"Springer, Cham",Scopus,6,2,,,,,,,,
6505,Dr.Ch. Rajasekhar,2025-2026,AUS,FAIR-AX: QoS-Aware Fair Resource Allocation Scheme for IEEE 802.11ax Networks,https://doi.org/10.1109/ICMCSI67283.2026.11412465,2026 7th International Conference on Mobile Computing and Sustainable Informatics (ICMCSI),International,2026,January,979-8-3315-5519-1,IEEE,Scopus,5,3,,,,,,,,
5144,Dr. Venkata Lalitha Narla,2025-2026,AUS,Plant Disease Identification based on LIME-CNN,https://doi.org/10.1109/GIEST66547.2025.11387378,2025 IEEE 2nd International Conference on Green Industrial Electronics and Sustainable Technologies (GIEST),International,2025,October ,979-8-3315-7436-9,IEEE,Scopus,4,4,,,,,,,,
1439,Gangu Rama Naidu,2025-2026,AUS,Advanced AI Systems for Noise Suppression in Wireless Signal Transmission Using Deep Learning,https://doi.org/10.1109/ICAFT66710.2025.11453152,2025 1st International Conference on Advancement in Futuristic Technologies (ICAFT),International,2025,December,979-8-3315-7159-7,IEEE,Scopus,6,5,,,,,,,,
6505,Dr.Ch. Rajasekhar,2025-2026,AUS,Hybrid and Gradient-Boosted Regression Models for Accurate Transistor Drain Current Prediction,https://doi.org/10.1109/IATMSI68868.2026.11465635,2026 IEEE International Conference on Interdisciplinary Approaches in Technology and Management for Social Innovation (IATMSI),International,2026,April,979-8-3315-4970-1,IEEE,Scopus,6,3,,,,,,,,
5604,Dr. Mahesh Kumar Singh,2025-2026,AUS,"Interactive Text Generation Using GPT-2 with Gradio: An Approach to Accessible
NLP Application",https://doi.org/10.1109/ICACT67549.2025.11351387,IEEE International Conference on Advanced Computing Technologies (ICACT),International,2026,January,979-8-3315-9002-4,IEEE,Scopus,4,4,,,,,,,,
5604,Dr. Mahesh Kumar Singh,2025-2026,AUS,From Script to Sound: Building an Effective Text-to-Speech System for Telugu Language,https://doi.org/10.1109/ASIANCON66527.2025.11281221,5th Asian Conference on Innovation in Technology (ASIANCON),International,2025,December,979-8-3503-5699-1,IEEE,Scopus,4,4,,,,,,,,
5604,Dr. Mahesh Kumar Singh,2025-2026,AUS,Detection and Classification of ADHD using Deep Learning,https://doi.org/10.1109/CISES66934.2025.11265013,International Conference on Intelligent and Secure Engineering Solutions (CISES),International,2025,December,979-8-3315-7349-2,IEEE,Scopus,5,4,,,,,,,,
5604,Dr. Mahesh Kumar Singh,2025-2026,AUS,Li-Fi: The Future of Wi-Fi,https://doi.org/10.1109/CISES66934.2025.11265059,International Conference on Intelligent and Secure Engineering Solutions (CISES),International,2025,December,979-8-3315-7349-2,IEEE,Scopus,5,5,,,,,,,,
5229,Dr. D. V. N. Koteswara Rao,2025-2026,AUS,Design and Performance Evaluation of a Compact UWB Antenna for Breast Tumor Detection,https://doi.org/10.1109/ICSSCNA68616.2026.11546924,"2026 International Conference on Signal, Systems, and Computing for Next-Gen Automation (ICSSCNA)",International,2026,June ,979-8-3315-7039-2,IEEE,Scopus,6,1,,,,,,5577,,
5577,Dr. Ch V Ravi Sankar,2025-2026,AUS,"A Comprehensive Survey on Flat Panel Antennas for Satellite Communication: Design Trends, Challenges and Future  Aspects",10.1007/978-3-032-08253-4_44,"7th International Conference on Smart Computing and Informatics, SCI 2025",International,2026,January,978-303208252-7,Springer,Scopus,2,2,,,,,,,,
5177,Dr. K. Ayyappa Swamy,2025-2026,AUS,Multi-Cancer Detection and Classification Using Deep Learning and Ensembling,10.1109/ICCCMLA66092.2025.11581180,"2025 IEEE 7th International Conference on Cybernetics, Cognition and Machine Learning Applications (ICCCMLA)",International,2025,November,979-8-3315-6162-8,IEEE,Scopus,6,3,,,,,,,,
1565,U V Ramesh,2025-2026,AUS,A Comprehensive Survey on Heart Disease Detection using Deep Learning and Benchmark Datasets, 10.1109/ICDICI66477.2025.11135332,6th International Conference on Data Intelligence and Cognitive Systems (ICDICI 2025),International,2025,July,979-8-3315-0314-7,IEEE,Scopus,2,1,,212,,4075,,,,
6190,V. Vaitheeshwaran,2025-2026,AUS,Grey and Color Image Segmentation by Reptile Search Algorithm aided with Tsallis entropy,10.1109/AMATHE65477.2025.11080893,2025 International Conference on Advances in Modern Age Technologies for Health and Engineering Science (AMATHE),International,2025,April,979-8-3315-0103-7,IEEE,Scopus,5,2,,,,,,,,
6247,Chandra Sekhar Kolli,2025-2026,AUS,AGDPM-Net: Hybrid Ensemble Framework for Genetic Disorder Prediction,10.1109/ISAC364032.2025.11156678,"IEEE Conference,ISAC3-2025 
International Conference on Innovations in Intelligent Systems: Advancements in Computing, Communication, and Cybersecurity (ISAC3), 
July 25th and 26th, 2025.",International,2025,July,979-8-3315-3279-6,IEEE,Scopus,5,4,,,,,,,,
6380,Katta Nagaraju,2025-2026,AUS,Enhanced Detection of Autism Spectrum Disorder Using Machine Learning and Deep Neural Models with ADASYN and ENN Techniques,10.1109/ICSCSA66339.2025.11171045,"IEEE,5th International Conference on Soft Computing for Security Applications (ICSCSA-2025)",International,2025,August,979-8-3315-9490-9,IEEE,Scopus,6,2,,,,,4765,,,
1425,Mylavarapu Kalyan Ram,2025-2026,AUS,"Deep Learning-Driven Neuro-Pedagogical Interface for Real-Time Brainwave-
Adaptive Teaching in Immersive Learning Environments",10.1109/ICAECT68478.2026.11426018,"6th International Conference on Advances in
Electrical, Computing, Communications and Sustainable Technologies (ICAECT 2026) ",International,2026,January,979-8-3315-7322-5,IEEE,Scopus,6,3,,,,,,,,
5734,M.V.B.Murali Krishna,2025-2026,AUS,Detecting Smartphone Anomalies Using Machine Learning Algorithms,10.1007/978-3-032-20121-8_42,13th International Conference on Frontiers in Intelligent Computing: Theory and Applications,International,2026,MAY,978-3-032-18802-1,Springer,Scopus,2,2,,,,,,,,
6380,Katta Nagaraju,2025-2026,AUS,Attention-Driven Deep Label Distribution Learning for Robust Real-Time Age Estimation,10.1109/CCIC68129.2026.11486141,2026 Contemporary Computing Innovations Conference,International,2026,February,979-8-3195-2966-4,IEEE,Scopus,2,2,,,,,,,,
212,S.Rama Sree,2025-2026,AUS,"A Survey on Advancements in Smart Agriculture: Integrating Multi-Modal Data Fusion, Machine Learning, and Sustainable Practices for Precision Crop Management and Disease Detection",10.1109/ICIPCN67432.2026.11438341,6th International Conference on Image Processing and Capsule Networks,International,2026,January,979-8-3315-9981-2,IEEE,Scopus,2,2,,,,,,,,
6190,"Chinnari Mrudula Pothula
",2025-2026,AUS,"A Holistic Survey of Sentiment Analysis: Emerging Approaches, Research Challenges and Future Directions",10.1109/ICCCES62661.2026.11436880,"5th International Conference on Communication, Computing and Electronics Systems",International,2026,January,979-8-3315-5621-1,IEEE,Scopus,2,2,,6190,,,,,,
6099,Subbarao Polamuri,2025-2026,AUS,Machine Learning and Internet of Things Devices for Waste Segregation,https://doi.org/10.1007/978-981-96-7477-0_27,Proceedings of Sixth International Conference on Computer and Communication Technologies,International,2025,October ,978-981-96-7476-3,"Springer, Singapore",Scopus,6,1,,,,,,,,
6099,Subbarao Polamuri,2025-2026,AUS,Skinguard: Binary Skin Disease Classification,DOI: 10.1109/CCIC68129.2026.11485922,2026 Contemporary Computing Innovations Conference,International,2026,April,979-8-3195-2966-4,IEEE,Scopus,2,2,,,,,,,,
6099,"Subbarao Polamuri,
",2025-2026,AUS,Temporal-Attention GAN with Multi-Scale Feature Learning for Stock Market Prediction and Volatility Modeling,DOI: 10.1109/CCIC68129.2026.11486039,2026 Contemporary Computing Innovations Conference,International,2026,April,979-8-3195-2966-4,IEEE,Scopus,2,2,,,,,,,,
212,S.Rama Sree,2025-2026,AUS,Machine Learning Driven Analytics and AI Tools for Intelligent Network Diagnosis and Automated Issue Resolution,10.1109/ICCCES62661.2026.11436429,"5th International Conference on Communication, Computing and Electronics Systems",International,2026,January,979-8-3315-5621-1,IEEE,Scopus,3,3,,,,,,,,
212,S.Rama Sree,2025-2026,AUS,Enhancing Network Performance Using Machine Learning-Driven Genetic Algorithms,10.1109/ICCCES62661.2026.11436397,"5th International Conference on Communication, Computing and Electronics Systems",International,2026,March,979-8-3315-5621-1,IEEE,Scopus,3,3,,,,,,,,
6099,Subbarao Polamuri,2025-2026,AUS,Protecting Multi-Cloud Environments in Post-Quantum Cryptography Models,DOI: 10.1109/CCIC68129.2026.11485889,2026 Contemporary Computing Innovations Conference,International,2026,April,979-8-3195-2966-4,IEEE,Scopus,7,7,,,,,,,,
212,S.Rama Sree,2025-2026,AUS,An Optimized Hybrid Cloud Strategy for Supporting Mission-Critical Healthcare Applications,10.1109/ICCCES62661.2026.11436886,"5th International Conference on Communication, Computing and Electronics Systems",International,2026,January,979-8-3315-5621-1,IEEE,Scopus,3,3,,,,,,,,
1067,Dr. Makineedi Rajababu ,2025-2026,AUS,Automated Tobacco Leaf Grading Using Deep Convolutional Networks and Vision Transformers,10.1109/ICAISS68683.2026.11525507, 2026 Fourth International Conference on Augmented Intelligence and Sustainable Systems (ICAISS),International,2026,April,979-8-3315-9234-9,Institute of Electrical and Electronics Engineers Inc.,Scopus,5,1,,,,,,,,
3205,Dr.Sunkara Sushma ,2025-2026,AUS,Optimization-based Faculty Course Allocation using Artificial Intelligence Techniques,10.1109/ICMCSI67283.2026.11412791,7th International Conference on Mobile Computing and Sustainable Informatics (ICMCSI-2026),International,2026,January,979-8-3315-5518-4,Institute of Electrical and Electronics Engineers Inc.,Scopus,5,1,,,,,,,,
3205,Dr.Sunkara Sushma ,2025-2026,AUS,"Multi-Stage Deep Learning Architecture with
Attention-based Fusion for Automated Pneumonia
Detection from Chest X-Ray Images",10.1109/ICIPCN67432.2026.11438755,6th International Conference on Image Processing and Capsule Networks (ICIPCN-2026),International,2026,January,979-8-3315-9980-5,Institute of Electrical and Electronics Engineers Inc.,Scopus,5,1,,,,,,,,
3205,Dr.Sunkara Sushma ,2025-2026,AUS,LightGBM Framework for Reliable Diabetes Prediction,10.1109/ICMLAS67792.2026.11483784,2026 International Conference on Machine Learning and Autonomous Systems (ICMLAS),International,2026,March,979-833157457-4,Institute of Electrical and Electronics Engineers Inc.,Scopus,5,1,,,,,,,,
2919,Gunnam Srinivas ,2025-2026,AUS,A Dual-Architecture Approach for Automatic Code Comment Generation: Integrating Structural Features and Reinforcement Learning,10.1109/ICISS67859.2026.11453513,2026 8th International Conference on Intelligent Sustainable Systems (ICISS),International,2026,March,979-833155318-0,Institute of Electrical and Electronics Engineers Inc.,Scopus,5,1,,,,,,,,
6532,Appana Venkata Lalitha Devi,2025-2026,AUS,Hybrid Autoencoder and Ensemble Deep Learning Model for Stroke Prediction ,10.1109/ICICNIS66685.2025.11315500,6th International Conference on IoT Based Control Networks and Intelligent Systems (ICICNIS-2025),International,2025,December,979-833151520-1,Institute of Electrical and Electronics Engineers Inc.,Scopus,6,2,,,,,,4765,,
4765,A.Lakshmanarao,2025-2026,AUS,Diet and Recipe Recommendation System Using Machine Learning and Deep Learning Models,10.1109/ICISS67859.2026.11454009,"8th International Conference on Intelligent Sustainable Systems, SCAD College of Engineering and Technology in Tirunelveli",International,2026,March,"979-833155318-0
",Institute of Electrical and Electronics Engineers Inc.,Scopus,5,1,,,,,,,,
4765,A.Lakshmanarao,2025-2026,AUS,"Intelligent Blood Cell Analysis Using YOLO, UNet, and Vision Transformers with Explainable AI for Multi-Disease Prediction",10.1109/ICISS67859.2026.11454075,"8th International Conference on Intelligent Sustainable Systems, SCAD College of Engineering and Technology in Tirunelveli",International,2026,March,"979-833155318-0
",Institute of Electrical and Electronics Engineers Inc.,Scopus,5,1,,,,,,,,
4765,A.Lakshmanarao,2025-2026,AUS,An Optimized Capsule Network Architecture for Brain Tumor Classification with Comparative Insights from Transfer Learning Models,10.1109/ICDICI66477.2025.11134930,2025 6th International Conference on Data Intelligence and Cognitive Informatics (ICDICI),International,2025,September,979-8-3315-0313-0,Institute of Electrical and Electronics Engineers Inc.,Scopus,6,5,,,,,,,,
4765,A.Lakshmanarao,2025-2026,AUS,Electricity Consumption Forecasting using Hybrid Deep Learning Models with Environmental Data Integration,10.1109/ICOSEC67334.2025.11459551,2025 6th International Conference on Smart Electronics and Communication (ICOSEC),International,2026,April,979-8-3315-9859-4,Institute of Electrical and Electronics Engineers Inc.,Scopus,6,4,,,,,,,,
5822,Mrs. K. Kavya Ramya Sree,2025-2026,AUS,AI-Based System for Early Detection of Skin Cancer Using Image Analysis,10.1109/ICONAT66879.2025.11362657,IEEE 4th International Conference for Advancement in Technology (ICONAT),International,2025,September,979-8-3315-9573-9,IEEE,Scopus,7,5,,,,,,,,
6405,Mr. Ranjith Kumar Chinnam,2025-2026,AUS,"Multi-Model News Classification using BERT Features
and Class-Balanced Resampling Techniques",10.1109/ICSCDS65426.2025.11167483,3rd International Conference on Sustainable Computing and Data Communication Systems (ICSCDS-2025),International,2025,August,979-8-3315-1251-4,IEEE,Scopus,6,2,,,,,5225 ,,,
6301,Dr.T.Chandrasekhar,2025-2026,AUS,"IoT-Enabled Graph Neural Networks and Deep
Learning for Accurate Road Accident Detection and Analysis",10.1109/WCONF64849.2025.11233480,3rd World Conference on Communication & Computing (WCONF),International,2025,July,979-8-3315-3046-4,IEEE,Scopus,6,2,,,,,,,,
5222,Mr. V. Appalakonda,2025-2026,AUS,Federated Learning Optimization Using Quantum-Inspired Models for Privacy-Preserving Edge Computing in Smart Cities,10.1109/IACIS65746.2025.11211115,"2nd International Conference on Intelligent Algorithms for Computational Intelligence Systems (IACIS), Hassan, India",International,2025,August,979-8-3315-3678-7,IEEE,Scopus,6,4,,,,,,,,
5568,Mr. P V V S D Nagendrudu,2025-2026,AUS,A Vision-based Framework for Automatic Accident Recognition and Emergency Notification,10.1109/ICCMC65190.2025.11140695,8th International Conference on Computing Methodologies and Communication (ICCMC),International,2025,September,979-8-3315-1212-5,IEEE,Scopus,6,4,,,,,,,,
4891,Dr. M. Venkatesh,2025-2026,AUS,AI-Driven Self-assessment and Proctoring System,10.1007/978-3-032-10400-7_38,Proceedings of the 2nd International Conference on Intelligent Optimization and Big Data Management (IOBDM2025) ,International,2026,January,978-3-032-10399-4,"Springer, Cham",Scopus,5,1,,,,,,,,
4891,Dr. M. venkatesh,2025-2026,AUS,Predicting Optimal Airline Ticket Prices Using Regression Models,10.1007/978-3-032-12830-0_38,Innovations in Information and Decision Sciences. FICTA 2025,International,2026,February,978-3-032-12829-4,"Springer, Cham",Scopus,2,2,,,,,,,,
6043,Dr. D. Veerswamy,2025-2026,AUS,"Multi-Objective Fault Detection and Maintenance in Industrial IoT using the Decentralized Policy-based
RL Model",10.1109/ICTBIG68706.2025.11323870,2025 IEEE 5th International Conference on ICT in Business Industry & Government (ICTBIG),International,2025,December,979-8-3315-7982-1,IEEE,Scopus,5,4,,,,,,,,
6680,Dr. B. Showri Rayalu,2025-2026,AUS,Hybrid Physics-Driven Deep Learning Framework for Electrical Power System Modeling and Control,10.1109/ICMLAS67792.2026.11483772,"Proceedings of 3rd International Conference on Machine Learning and Autonomous Systems, ICMLAS 2026",International,2026,March,979-8-3315-7458-1,IEEE,Scopus,6,2,,,,,,,,
5867,Mrs. P.V.B. Annapurna,2025-2026,AUS,From Data To Grid Stability: A Neural Network Approach For Long-Term EV Energy Demand Prediction,10.1109/ICRCICN68210.2025.11364984,"Proceedings of the International Conference on Research in Computational Intelligence and Communication Networks, ICRCICN",International,2025,December,979-8-3315-5541-2,IEEE,Scopus,6,3,,,,,,,,
5568,P.V.V.S.D. Nagendrudu,2025-2026,AUS,Comparative Evaluation of Machine Learning Models for Hypertension Prediction,10.1109/ICICV68925.2026.11554689,"Proceedings of 7th International Conference on Intelligent Communication Technologies and Virtual Mobile Networks, ICICV 2026",International,2026,February,,,Scopus,6,3,,,,,,,,
6251,L. Dasaradha Ramayya,2025-2026,AUS,Implementing RF and Microwave Technologies with MLXAI using Spectral Methods,10.1109/ICSEDIS68157.2026.11518180,"Proceedings of the International Conference on Smart Electronic Devices and Intelligent Systems, ICSEDIS 2026",International,2026,May,979-8-3315-8824-3,IEEE,Scopus,6,3,,,,,,,,
2248,K.N.S.L. Kumar,2025-2026,AUS,Automated Code Generation: A CNN-Based Alternative to Large Language Models Using Multi-Head Mixed Convolution and Depthwise Separable Neural Networks,10.1109/ICAAIC64647.2025.11331067,"4th International Conference on Applied Artificial Intelligence and Computing, ICAAIC 2025",International,2026,December,979-8-3315-6587-9,IEEE,Scopus,6,2,,,,,,,,
6680,Dr. B. Showri Rayalu,2025-2026,AUS,Hybrid Quantum-Inspired Kronecker Network for Botnet Attack Detection in Internet of Things,10.1109/ICICI68773.2026.11580992,"Proceedings of the 4th International Conference on Inventive Computing and Informatics, ICICI 2026",International,2026,June ,979-833155730-0,IEEE,Scopus,6,2,,,,,,,,
5942,Lavanya Kumari Pithani,2025-2026,AUS,An Efficient Deep Learning-Based Approach for Lung Cancer Detection Using Pretrained Models,https://doi.org/10.1007/978-981-96-9720-5_23,4th International Conference on Power Engineering and Intelligent Systems (PEIS 2026), International,2026,January,978-981-96-9719-9,"Springer, Singapore",Scopus,6,3,,,,,,,,
5942,Lavanya Kumari Pithani,2025-2026,AUS,Hybrid Approach Using RoBERTa and Neural Networks for Airline Twitter Sentiment Analysis,10.1109/AMATHE65477.2025.11081265 ,International Conference on Advances in Modern Age Technologies for Health and Engineering Science (AMATHE), International,2025,July,979-8-3315-0104-4,IEEE,Scopus,6,3,,,,,,,,
3718,Mr. China Subbarao Chikkam,2025-2026,AUS,Machine learning applications for renewable energy systems,https://doi.org/10.1063/5.0341954,International Conference on Sustainable Materials and Manufacturing for Industry 5.0 (ICSMMI 2025),International,2026,June ,978-0-7354-5397-5,AIP Publishing,Scopus,6,1,,,,,,,,
4378,Dr. Abhishek Kumar Tripathi,2025-2026,AUS,Optimizing Powder Factor for Sustainable Mining Operations Through Machine Learning Models: A Step Towards Intelligent Mining,10.1007/978-3-032-00983-8_6," Renewable Energy, Green Computing, and Sustainable Development ",International,2026,August,, Springer,Scopus,4,3,,,,,,,,
6089,Dr. M. Vinayak,2025-2026,AUS,"Design and Development of AI-Enabled Solar-
Powered Seeder with Adaptive Depth and Spacing
Control",10.1109/ACOIT66109.2025.11437128,2nd Asian Conference on Intelligent Technologies (ACOIT),National,2025,October ,,IEEE,Scopus,2,2,,6089,,,,,,
930,Dr M. Bala Prabhakar ,2025-2026,AUS,"Towards a Student Dropout Prediction in Higher
Education Institutions using a Fuzzy RBF Approach",https://doi.org/10.1109/ICCMC65190.2025.11140937,"2025 8th International Conference on Computing Methodologies and Communication (ICCMC)
(IEEE Conference)",international,2025,July,979-8-3315-1211-8,IEEE,Scopus,6,4,,,,,,,,
930,Dr M. Bala Prabhakar ,2025-2026,AUS,AI Techniques for Cloud Resource Management,https://doi.org/10.1109/ICRISET64803.2025.11252525,"2025 International Conference on Recent Innovation in Science Engineering and Technology (ICRISET)
(IEEE Conference)",international,2025,August,979-8-3315-5833-8,IEEE,Scopus,6,5,,,,,,,,
5050,Dr D.Srinivasa Rao,2025-2026,AUS,A study of non-Newtonian fluid with longitudinal fluid velocity,https://doi.org/10.1063/5.0296324,AIP Conference Proceedings,international,2026,February,,AIP,Scopus,3,1,,,,,,,,
2152,DR.CH.V.SIVARAM PRASAD,2025-2026,AUS,Improved Disease Detection Using CNN and Machine Learning Models,https://doi.org/10.1007/978-981-96-7477-0_29,Proceedings of Sixth International Conference on Computer and Communication Technologies,international,2025,October ,978-981-96-7476-3,Springer,Scopus,5,3,6099,,,,,,,
6106,Dr D.Naga Purnima,2025-2026,AUS,Investigation of methods to induce phase transformations in silicon,https://doi.org/10.1063/5.0341937,AIP Conference Proceedings,international,2026,June ,ISSN:0094-243XE,AIP,Scopus,6,5,,,,,,,,
4055,N. Selvamalar,2025-2026,AUS,Computer Vision-Driven Inventory Inspection System for E-Commerce Quality Assurance ,https://doi.org/10.1109/ICONSTEM65670.2025.11374730,IEEE,international,2025,November,979-8-3315-6187-1,IEEE,Scopus,6,4,,,,,,,,
5392,Dr. Chitrada Prasad,2025-2026,Aditya university,Influence of citric acid as a chelating agent on the morphology and magnetic properties of Mn-doped ZnO nanoparticles,https://doi.org/10.1063/5.0342858,NTERNATIONAL CONFERENCE ON SUSTAINABLE MATERIALS AND MANUFACTURING FOR INDUSTRY 5.0 (ICSMMI 2025),International,2026,June ,"3418, 040089 (2026)",AIP Conference Proceedings,Scopus,6,4,,,,,,,,
5392,Dr. Chitrada Prasad,2025-2026,Aditya university,"Unifying AI, network security, and cloud computing: Innovations in data protection and processing",10.1063/5.0342587,NTERNATIONAL CONFERENCE ON SUSTAINABLE MATERIALS AND MANUFACTURING FOR INDUSTRY 5.0 (ICSMMI 2025),International,2026,June ,"3418, 040089 (2026)",AIP Conference Proceedings,Scopus,6,4,,,,,,,,
5392,Dr. Chitrada Prasad,2025-2026,Aditya university,Wet-chemical prepared bismuth vanadate coated on MWCNTS for supercapacitor application,https://doi.org/10.1063/5.0342088,NTERNATIONAL CONFERENCE ON SUSTAINABLE MATERIALS AND MANUFACTURING FOR INDUSTRY 5.0 (ICSMMI 2025),International,2026,June ,"3418, 040089 (2026)",AIP Conference Proceedings,Scopus,5,3,,,6106,,,,,
5392,Dr. Chitrada Prasad,2025-2026,Aditya university,Surface morphology and mechanical properties of friction stir welded AA7075-T6 sheet,https://doi.org/10.1063/5.0341905 ,NTERNATIONAL CONFERENCE ON SUSTAINABLE MATERIALS AND MANUFACTURING FOR INDUSTRY 5.0 (ICSMMI 2025),International,2026,June ,"3418, 040089 (2026)",AIP Conference Proceedings,Scopus,5,1,,,,7,,,,
3973,K.V. BALA RAMAKRISHNA,2025-2026,ACET,"Design and Analysis of 8-bit Radix-2 Booth Multiplier using RCA, CSA, and CSEL Adders",10.1109/ICMNWC66779.2025.11354251,International Conference on Mobile Networks and Wireless Communications (ICMNWC),International,2026,January,979-8-3315-5664-8,IEEE,Scopus,5,2,,,,,,,,
3973,K.V. BALA RAMAKRISHNA,2025-2026,ACET,VLSI based Cascaded Integrator Comb (CIC) Filter for RADAR,10.1109/ICTMIM65579.2025.10988181,Proceedings of the International Conference on Trends in Material Science and Inventive Materials (ICTMIM-2025),International,2025,May,979-8-3315-0148-8,IEEE,Scopus,6,3,,,,,,,,
5326,RAYUDU PRASANTHI,2025-2026,ACET,Automated Diabetic Retinopathy Screening Using Custom Convolutional Neural Networks,10.1109/AISP68263.2025.11396172,"5th IEEE International Conference on Artificial Intelligence and Signal Processing - AISP25 
",International,2025,November,979-8-3315-8986-8,IEEE,Scopus,5,1,,,,,,,,
4964,Y. DURGA PRASAD,2025-2026,ACET,Hybrid ML–Knowledge-Based Expert System for Automated English-Speaking Proficiency Improvement in Higher Education,10.1109/I3CTCON68242.2026.11507560,IEEE International Conference for Convergence in Computing Technology,International,2026,March,979-8-3315-7656-1/26,IEEE,Scopus,6,4,,,,,,,,
4930,S CHITTIBABULU,2025-2026,ACET,Quantum Machine Learning for Detecting Known Cyber-attacks In IoT Networks,10.1109/ICISC65841.2025.11188431," 9th International Conference on Inventive
Systems and Control ICISC 2025.",International ,2025,August, 979-8-3315-1246-0,IEEE,Scopus,6,5,,,,,,,,
4930,S CHITTIBABULU,2025-2026,ACET,Deep Transfer-Learning Framework for Automated Cardiovascular Disease Prediction from ECG Images,10.1109/ICMCSI67283.2026.11412486,"7th International Conference on Mobile Computing and Sustainable Informatics, ICMCSI 2026",International,2026,January,979-8-3315-5519-1,IEEE,Scopus,6,1,,,,,,,,
2776,THEEPARTHI J L SARWANI,2025-2026,ACET,Decryption of Cybernetic Veil Using Fernet64: A Semantic Cryptographic Method,10.1109/ICSCDS65426.2025.11167143                ,IEEE  Conference (ICSCDS),International,2025,September,979-8-3315-1250-7,IEEE ,Scopus,6,4,,,,,,,,
2776,THEEPARTHI J L SARWANI,2025-2026,ACET,Breast Cancer Prediction with High Accuracy using SVM: A Comparative Study of Machine Learning Model,10.1109/ICSCDS65426.2025.11167301  ,IEEE  Conference (ICSCDS),International,2025,September,979-8-3315-1250-7,IEEE,Scopus,6,3,,,,,,,,
5395,K NAGA VENKATA SRINIVAS,2025-2026,ACET,A hybrid model for privacy-preserving assurance on public social-media platforms,DOI: 10.1109/ICoECIT68303.2026.11497068,International Conference on Emerging Computing and Intelligent Technologies,International,2026,June ,979-8-3315-8997-4,IEEE,Scopus,6,5,,,,,,,,
2670,K VIJETHA,2025-2026,ACET,Machine Learning-Assisted Prediction Of Thermal-Hydraulic Behaviour In Additively Manufactured Microchannels Using Hybrid Nanofluids And Surface Roughness Correlation,https://doi.org/10.1051/epjconf/202634501046,"Internnational conference & Exposition on Materials, Manufacturing and Modelling Techniques",International,2026,January,2101-6275,EPJ Web of Conferences,Scopus,3,1,,,,,,,,
1727,P N S LAKSHMI,2025-2026,ACET,Deep Learning-Based SoC Estimation of Lithium-Ion Batteries in EVs Using 2D CNN,10.1109/ICEES67011.2025.11213050,International Conference on Electrical Energy Systems,International,2025,August,979-833155673-0,IEEE,Scopus,3,2,,1727,,,,,,
5538,KANTE SATYANARAYANA,2025-2026,ACET,Enhanced Bone Image Segmentation Using Adamax Optimizer: Implementation and Evaluation,10.1007/978-3-031-94280-8_19,ICATECS 2024,International,2025,AUGUST,978-3-031-94280-8,Springer,Scopus,6,3,,,,,,,,
4684,S V KIRANMAYI SRIDHARA,2025-2026,ACET,A Low-Cost IoT-Enabled Automatic Side Stand System for Enhancing Bike Rider Safety,https://doi.org/10.1109/ICICNIS66685.2025.11315658,International Conference on IoT Based Control Networks and Intelligent Systems (ICICNIS),International,2026,January,979-8-3315-1520-1,IEEE,Scopus,6,4,,,,,,,,
6365,KONDAYAPALEPU V V SIVA PRASAD,2025-2026,ACET,Optimizing Automobile Purchase Decisions in India using Machine Learning and Multi-Criteria Decision-Making Techniques,10.1109/ICSSAS66150.2025.11080757,2025 3rd International Conference on Self Sustainable Artificial Intelligence Systems (ICSSAS),International,2025,July,979-8-3315-3884-2,IEEE,Scopus,6,5,,,,,,,,
5573,K N S K SANTHOSH,2025-2026,ACET,A Cloud-Enabled Smart Marketplace for Fresh Produce using MERN Stack,10.1109/ICSCSA66339.2025.11170716,ICSCSA-2025,International,2025,September,979-8-3315-9491-6,IEEE,Scopus,6,5,,,,,,,,
5573,K N S K SANTHOSH,2025-2026,ACET,Advancing Image Synthesis: Deep Laplacian Pyramid Networks for High-Quality Super-Resolution,10.1007/978-3-031-94280-8_24,ICATECS 2024,International,2025,August,978-3-031-94280-8,springer,Scopus,6,5,,,,,,,,
5756,YERRAMSETTI SRINIVASARAO,2025-2026,ACET,AI-Powered Budget Planning and Operational Control System for Enhanced Organizational Performance,10.1109/CNC68716.2025.11484522,IEEE International Conference on Communication Networks and Computing (CNC),International,2025,December,979-8-3315-4586-4/25,IEEE,Scopus,6,5,,,,,,,,
5756,YERRAMSETTI SRINIVASARAO,2025-2026,ACET,Machine Learning and AI Approaches for Autonomous Wireless Sensor Network Operations,10.1109/RCSM67767.2025.11506700,2025 IEEE 1st International Conference on Recent Trends in Computing and Smart Mobility (RCSM 2025),International,2025,December,979-8-3315-9126-7/25,IEEE,Scopus,6,5,,,,,,,,
4965,M KAIVALYA,2025-2026,ACET,Pesticide Detection in Organic Fruits and Vegetables using IoT with ESP32,10.1109/ICEAMST67459.2025.11335708,ICEAMST-2025,International,2026,January,979-8-3315-8707-9,IEEE,Scopus,6,4,,,,,,,,
1255,N. SURYA KALA,2025-2026,ACET,Optimizing Fraud Detection Performance with XGBoost Algorithm in Credit Card Transactions,10.1109/InTech64186.2025.11198523,2025 International Conference on Technology Enabled Economic Changes (InTech,International,2025,February,979-833152099-1,IEEE,Scopus,6,3,,,,,,,,
1275,RVVN BHEEMA RAO,2025-2026,ACET,Deep Transfer Learning with Dual Attention for Reliable Diabetic Retinopathy Screening,10.1109/DECoN67170.2025.11447935,"International Conference on Data, Energy and Communication Network, IC-DECON",International,2025,December,979-833159442-8,IEEE,Scopus,6,4,,,,,,,,
,,,,,,,,,,,,,,,,,,,,,,
,,,,,,,,,,,,,,,,,,,,,,
