Faculty Employee ID,Faculty Name,Academic Year,College,PAN Number,DOI,"Publication Scope
(National/International)","Journal Quartile
Q1/Q2/Q3/Q4","Journal Type
SCI/SCIE/ESCI/WoS/SCOPUS",Paper Title,Journal Name,Volume,Issue,Published Month,Published Year,H Index,JCR Impact Factor,Total Authors,Faculty  Author Position,"Aditya Co-author positions ( if existing )
Emp Id only",,,,,,,
,,,,,,,,,,,,,,,,,,,1,2,3,4,5,6,7,8
5,Kiran Kumar,2025-2026,AUS,ABC5689652,10.1109/ABC.2025.100001,International,Q1,IEEE,Smart Energy Management Using AI,IEEE Transactions on Smart Grid,16,2,MAY,2025,15,9.8,5,2,,823,,,,,,
5,Priya Sharma,2025-2026,AUS,BCD6798763,10.1115/ASME.2025.100002,International,Q2,ASME,Thermal Performance of Advanced Heat Exchangers,Journal of Heat Transfer,147,6,JUN,2025,18,3.2,4,1,6079,,,,,,,
823,Rahul Reddy,2025-2026,AUS,CDE7899874,10.1061/ASCE.2025.100003,International,Q3,ASCE,Sustainable Urban Infrastructure Planning,Journal of Urban Planning and Development,151,3,JUL,2025,12,2.9,6,3,,6038,,,,,,
6038,Ananya Rao,2025-2026,AUS,DEF8900985,10.1145/ACM.2025.100004,International,Q4,ACM,Efficient Deep Learning for Educational Data Mining,ACM Transactions on Intelligent Systems and Technology,16,4,APR,2025,20,7.1,3,1,,,,,,,,
6079,Vikram Singh,2025-2026,AUS,EFG9011096,10.1000/FT50.2025.100005,International,Q1,FT-50,Digital Transformation and Firm Performance,Journal of Management Studies,62,5,AUG,2025,45,6.4,4,2,,5,,,,,,
