Roll No,Dept
19A91A0341,MEC
20A91A03D7,MEC
20A91A0546,CSE
21A91A0193,CIV
21A91A0547,CSE
21A91A2601,ME
21A91A3510,AG
22A91A0101,CIV
22A91A0102,CIV
22A91A0103,CIV
22A91A0104,CIV
22A91A0105,CIV
22A91A0106,CIV
22A91A0107,CIV
22A91A0108,CIV
22A91A0109,CIV
22A91A0110,CIV
22A91A0111,CIV
22A91A0112,CIV
22A91A0113,CIV
22A91A0114,CIV
22A91A0115,CIV
22A91A0116,CIV
22A91A0117,CIV
22A91A0118,CIV
22A91A0120,CIV
22A91A0121,CIV
22A91A0122,CIV
22A91A0123,CIV
22A91A0124,CIV
22A91A0125,CIV
22A91A0126,CIV
22A91A0127,CIV
22A91A0128,CIV
22A91A0129,CIV
22A91A0131,CIV
22A91A0132,CIV
22A91A0133,CIV
22A91A0134,CIV
22A91A0135,CIV
22A91A0136,CIV
22A91A0137,CIV
22A91A0138,CIV
22A91A0139,CIV
22A91A0140,CIV
22A91A0141,CIV
22A91A0142,CIV
22A91A0143,CIV
22A91A0144,CIV
22A91A0145,CIV
22A91A0146,CIV
22A91A0147,CIV
22A91A0148,CIV
22A91A0201,EEE
22A91A0202,EEE
22A91A0204,EEE
22A91A0206,EEE
22A91A0207,EEE
22A91A0208,EEE
22A91A0209,EEE
22A91A0210,EEE
22A91A0211,EEE
22A91A0212,EEE
22A91A0213,EEE
22A91A0214,EEE
22A91A0215,EEE
22A91A0216,EEE
22A91A0217,EEE
22A91A0218,EEE
22A91A0219,EEE
22A91A0220,EEE
22A91A0222,EEE
22A91A0223,EEE
22A91A0224,EEE
22A91A0225,EEE
22A91A0226,EEE
22A91A0227,EEE
22A91A0228,EEE
22A91A0229,EEE
22A91A0230,EEE
22A91A0231,EEE
22A91A0232,EEE
22A91A0233,EEE
22A91A0235,EEE
22A91A0236,EEE
22A91A0237,EEE
22A91A0238,EEE
22A91A0239,EEE
22A91A0240,EEE
22A91A0241,EEE
22A91A0242,EEE
22A91A0243,EEE
22A91A0244,EEE
22A91A0245,EEE
22A91A0246,EEE
22A91A0248,EEE
22A91A0249,EEE
22A91A0250,EEE
22A91A0251,EEE
22A91A0252,EEE
22A91A0253,EEE
22A91A0254,EEE
22A91A0255,EEE
22A91A0256,EEE
22A91A0257,EEE
22A91A0258,EEE
22A91A0259,EEE
22A91A0261,EEE
22A91A0301,MEC
22A91A0302,MEC
22A91A0303,MEC
22A91A0304,MEC
22A91A0305,MEC
22A91A0306,MEC
22A91A0308,MEC
22A91A0309,MEC
22A91A0310,MEC
22A91A0311,MEC
22A91A0312,MEC
22A91A0313,MEC
22A91A0314,MEC
22A91A0315,MEC
22A91A0316,MEC
22A91A0317,MEC
22A91A0318,MEC
22A91A0319,MEC
22A91A0320,MEC
22A91A0321,MEC
22A91A0322,MEC
22A91A0323,MEC
22A91A0324,MEC
22A91A0325,MEC
22A91A0326,MEC
22A91A0328,MEC
22A91A0329,MEC
22A91A0330,MEC
22A91A0331,MEC
22A91A0332,MEC
22A91A0333,MEC
22A91A0334,MEC
22A91A0335,MEC
22A91A0337,MEC
22A91A0338,MEC
22A91A0339,MEC
22A91A0340,MEC
22A91A0341,MEC
22A91A0342,MEC
22A91A0343,MEC
22A91A0344,MEC
22A91A0345,MEC
22A91A0346,MEC
22A91A0347,MEC
22A91A0348,MEC
22A91A0349,MEC
22A91A0350,MEC
22A91A0351,MEC
22A91A0402,ECE
22A91A0403,ECE
22A91A0404,ECE
22A91A0405,ECE
22A91A0406,ECE
22A91A0407,ECE
22A91A0408,ECE
22A91A0409,ECE
22A91A0410,ECE
22A91A0411,ECE
22A91A0412,ECE
22A91A0413,ECE
22A91A0414,ECE
22A91A0415,ECE
22A91A0416,ECE
22A91A0417,ECE
22A91A0418,ECE
22A91A0419,ECE
22A91A0420,ECE
22A91A0422,ECE
22A91A0423,ECE
22A91A0424,ECE
22A91A0425,ECE
22A91A0426,ECE
22A91A0427,ECE
22A91A0428,ECE
22A91A0429,ECE
22A91A0430,ECE
22A91A0431,ECE
22A91A0432,ECE
22A91A0433,ECE
22A91A0434,ECE
22A91A0435,ECE
22A91A0436,ECE
22A91A0437,ECE
22A91A0438,ECE
22A91A0439,ECE
22A91A0440,ECE
22A91A0441,ECE
22A91A0442,ECE
22A91A0443,ECE
22A91A0444,ECE
22A91A0445,ECE
22A91A0446,ECE
22A91A0447,ECE
22A91A0448,ECE
22A91A0449,ECE
22A91A0450,ECE
22A91A0451,ECE
22A91A0452,ECE
22A91A0453,ECE
22A91A0456,ECE
22A91A0457,ECE
22A91A0458,ECE
22A91A0459,ECE
22A91A0460,ECE
22A91A0461,ECE
22A91A0463,ECE
22A91A0464,ECE
22A91A0465,ECE
22A91A0466,ECE
22A91A0467,ECE
22A91A0468,ECE
22A91A0469,ECE
22A91A0470,ECE
22A91A0471,ECE
22A91A0472,ECE
22A91A0473,ECE
22A91A0474,ECE
22A91A0475,ECE
22A91A0476,ECE
22A91A0477,ECE
22A91A0478,ECE
22A91A0479,ECE
22A91A0480,ECE
22A91A0481,ECE
22A91A0482,ECE
22A91A0483,ECE
22A91A0484,ECE
22A91A0485,ECE
22A91A0486,ECE
22A91A0487,ECE
22A91A0488,ECE
22A91A0489,ECE
22A91A0490,ECE
22A91A0491,ECE
22A91A0492,ECE
22A91A0493,ECE
22A91A0495,ECE
22A91A0496,ECE
22A91A0497,ECE
22A91A0499,ECE
22A91A04A0,ECE
22A91A04A1,ECE
22A91A04A2,ECE
22A91A04A3,ECE
22A91A04A4,ECE
22A91A04A5,ECE
22A91A04A6,ECE
22A91A04A7,ECE
22A91A04A9,ECE
22A91A04B0,ECE
22A91A04B2,ECE
22A91A04B3,ECE
22A91A04B4,ECE
22A91A04B5,ECE
22A91A04B6,ECE
22A91A04B7,ECE
22A91A04B8,ECE
22A91A04B9,ECE
22A91A04C0,ECE
22A91A04C2,ECE
22A91A04C3,ECE
22A91A04C4,ECE
22A91A04C5,ECE
22A91A04C7,ECE
22A91A04C8,ECE
22A91A04C9,ECE
22A91A04D0,ECE
22A91A04D1,ECE
22A91A04D2,ECE
22A91A04D4,ECE
22A91A04D5,ECE
22A91A04D6,ECE
22A91A04D7,ECE
22A91A04D8,ECE
22A91A04E0,ECE
22A91A04E1,ECE
22A91A04E2,ECE
22A91A04E3,ECE
22A91A04E4,ECE
22A91A04E5,ECE
22A91A04E6,ECE
22A91A04E7,ECE
22A91A04F0,ECE
22A91A04F1,ECE
22A91A04F2,ECE
22A91A04F3,ECE
22A91A04F5,ECE
22A91A04F6,ECE
22A91A04F7,ECE
22A91A04F8,ECE
22A91A04F9,ECE
22A91A04G0,ECE
22A91A04G1,ECE
22A91A04G2,ECE
22A91A04G3,ECE
22A91A04G4,ECE
22A91A04G5,ECE
22A91A04G6,ECE
22A91A04G8,ECE
22A91A04H0,ECE
22A91A04H1,ECE
22A91A04H2,ECE
22A91A04H3,ECE
22A91A04H4,ECE
22A91A04H5,ECE
22A91A04H6,ECE
22A91A04H7,ECE
22A91A04H8,ECE
22A91A04H9,ECE
22A91A04I0,ECE
22A91A04I1,ECE
22A91A04I2,ECE
22A91A04I3,ECE
22A91A04I4,ECE
22A91A04I5,ECE
22A91A04I6,ECE
22A91A04I8,ECE
22A91A04I9,ECE
22A91A04J0,ECE
22A91A04J1,ECE
22A91A04J2,ECE
22A91A04J3,ECE
22A91A04J4,ECE
22A91A04J5,ECE
22A91A04J6,ECE
22A91A04J7,ECE
22A91A04J8,ECE
22A91A04J9,ECE
22A91A04K0,ECE
22A91A04K1,ECE
22A91A04K2,ECE
22A91A04K3,ECE
22A91A04K4,ECE
22A91A04K5,ECE
22A91A04K6,ECE
22A91A04K7,ECE
22A91A04K8,ECE
22A91A04K9,ECE
22A91A04L0,ECE
22A91A04L1,ECE
22A91A04L2,ECE
22A91A04L3,ECE
22A91A04L4,ECE
22A91A04L5,ECE
22A91A04L6,ECE
22A91A04L7,ECE
22A91A04L8,ECE
22A91A04L9,ECE
22A91A04M0,ECE
22A91A04M1,ECE
22A91A04M2,ECE
22A91A04M3,ECE
22A91A04M4,ECE
22A91A04M5,ECE
22A91A04M6,ECE
22A91A04M7,ECE
22A91A04M8,ECE
22A91A04M9,ECE
22A91A04N0,ECE
22A91A04N1,ECE
22A91A04N2,ECE
22A91A04N3,ECE
22A91A04N4,ECE
22A91A04N5,ECE
22A91A04N6,ECE
22A91A04N7,ECE
22A91A04N8,ECE
22A91A04N9,ECE
22A91A04O0,ECE
22A91A04O1,ECE
22A91A04O2,ECE
22A91A04O3,ECE
22A91A04O4,ECE
22A91A04O5,ECE
22A91A04O6,ECE
22A91A04O7,ECE
22A91A04O8,ECE
22A91A04O9,ECE
22A91A04P0,ECE
22A91A04P1,ECE
22A91A04P2,ECE
22A91A04P3,ECE
22A91A04P4,ECE
22A91A04P5,ECE
22A91A04P6,ECE
22A91A04P7,ECE
22A91A04P8,ECE
22A91A04P9,ECE
22A91A04Q0,ECE
22A91A04Q1,ECE
22A91A0501,CSE
22A91A0503,CSE
22A91A0505,CSE
22A91A0506,CSE
22A91A0507,CSE
22A91A0509,CSE
22A91A0510,CSE
22A91A0511,CSE
22A91A0512,CSE
22A91A0513,CSE
22A91A0514,CSE
22A91A0515,CSE
22A91A0516,CSE
22A91A0517,CSE
22A91A0518,CSE
22A91A0519,CSE
22A91A0520,CSE
22A91A0521,CSE
22A91A0522,CSE
22A91A0523,CSE
22A91A0524,CSE
22A91A0525,CSE
22A91A0526,CSE
22A91A0527,CSE
22A91A0528,CSE
22A91A0529,CSE
22A91A0530,CSE
22A91A0531,CSE
22A91A0532,CSE
22A91A0533,CSE
22A91A0534,CSE
22A91A0535,CSE
22A91A0536,CSE
22A91A0537,CSE
22A91A0538,CSE
22A91A0539,CSE
22A91A0540,CSE
22A91A0541,CSE
22A91A0542,CSE
22A91A0543,CSE
22A91A0544,CSE
22A91A0545,CSE
22A91A0546,CSE
22A91A0547,CSE
22A91A0548,CSE
22A91A0549,CSE
22A91A0550,CSE
22A91A0551,CSE
22A91A0552,CSE
22A91A0553,CSE
22A91A0554,CSE
22A91A0555,CSE
22A91A0556,CSE
22A91A0557,CSE
22A91A0558,CSE
22A91A0559,CSE
22A91A0560,CSE
22A91A0561,CSE
22A91A0562,CSE
22A91A0563,CSE
22A91A0565,CSE
22A91A0566,CSE
22A91A0567,CSE
22A91A0568,CSE
22A91A0569,CSE
22A91A0570,CSE
22A91A0571,CSE
22A91A0572,CSE
22A91A0573,CSE
22A91A0575,CSE
22A91A0576,CSE
22A91A0577,CSE
22A91A0578,CSE
22A91A0579,CSE
22A91A0580,CSE
22A91A0581,CSE
22A91A0582,CSE
22A91A0583,CSE
22A91A0584,CSE
22A91A0585,CSE
22A91A0586,CSE
22A91A0587,CSE
22A91A0588,CSE
22A91A0589,CSE
22A91A0590,CSE
22A91A0591,CSE
22A91A0592,CSE
22A91A0593,CSE
22A91A0594,CSE
22A91A0595,CSE
22A91A0596,CSE
22A91A0597,CSE
22A91A0599,CSE
22A91A05A0,CSE
22A91A05A1,CSE
22A91A05A2,CSE
22A91A05A3,CSE
22A91A05A4,CSE
22A91A05A5,CSE
22A91A05A6,CSE
22A91A05A7,CSE
22A91A05A8,CSE
22A91A05A9,CSE
22A91A05B0,CSE
22A91A05B1,CSE
22A91A05B2,CSE
22A91A05B3,CSE
22A91A05B4,CSE
22A91A05B5,CSE
22A91A05B6,CSE
22A91A05B7,CSE
22A91A05B8,CSE
22A91A05B9,CSE
22A91A05C0,CSE
22A91A05C1,CSE
22A91A05C2,CSE
22A91A05C3,CSE
22A91A05C4,CSE
22A91A05C5,CSE
22A91A05C6,CSE
22A91A05C7,CSE
22A91A05C8,CSE
22A91A05C9,CSE
22A91A05D0,CSE
22A91A05D1,CSE
22A91A05D2,CSE
22A91A05D3,CSE
22A91A05D4,CSE
22A91A05D5,CSE
22A91A05D7,CSE
22A91A05D8,CSE
22A91A05D9,CSE
22A91A05E0,CSE
22A91A05E1,CSE
22A91A05E2,CSE
22A91A05E3,CSE
22A91A05E4,CSE
22A91A05E5,CSE
22A91A05E6,CSE
22A91A05E7,CSE
22A91A05E8,CSE
22A91A05E9,CSE
22A91A05F0,CSE
22A91A05F1,CSE
22A91A05F2,CSE
22A91A05F3,CSE
22A91A05F4,CSE
22A91A05F5,CSE
22A91A05F6,CSE
22A91A05F7,CSE
22A91A05F8,CSE
22A91A05F9,CSE
22A91A05G0,CSE
22A91A05G1,CSE
22A91A05G2,CSE
22A91A05G3,CSE
22A91A05G4,CSE
22A91A05G5,CSE
22A91A05G6,CSE
22A91A05G7,CSE
22A91A05G8,CSE
22A91A05G9,CSE
22A91A05H0,CSE
22A91A05H1,CSE
22A91A05H2,CSE
22A91A05H3,CSE
22A91A05H4,CSE
22A91A05H5,CSE
22A91A05H6,CSE
22A91A05H7,CSE
22A91A05H8,CSE
22A91A05H9,CSE
22A91A05I0,CSE
22A91A05I1,CSE
22A91A05I2,CSE
22A91A05I3,CSE
22A91A05I4,CSE
22A91A05I5,CSE
22A91A05I6,CSE
22A91A05I7,CSE
22A91A05I8,CSE
22A91A05I9,CSE
22A91A05J0,CSE
22A91A05J1,CSE
22A91A05J2,CSE
22A91A05J3,CSE
22A91A05J4,CSE
22A91A05J5,CSE
22A91A05J6,CSE
22A91A05J7,CSE
22A91A05J8,CSE
22A91A05J9,CSE
22A91A05K0,CSE
22A91A05K1,CSE
22A91A05K2,CSE
22A91A05K3,CSE
22A91A05K4,CSE
22A91A05K5,CSE
22A91A05K6,CSE
22A91A05K7,CSE
22A91A05K8,CSE
22A91A05K9,CSE
22A91A05L0,CSE
22A91A1201,IT
22A91A1202,IT
22A91A1203,IT
22A91A1204,IT
22A91A1205,IT
22A91A1206,IT
22A91A1207,IT
22A91A1208,IT
22A91A1209,IT
22A91A1211,IT
22A91A1212,IT
22A91A1214,IT
22A91A1215,IT
22A91A1216,IT
22A91A1217,IT
22A91A1218,IT
22A91A1219,IT
22A91A1220,IT
22A91A1221,IT
22A91A1222,IT
22A91A1223,IT
22A91A1224,IT
22A91A1225,IT
22A91A1226,IT
22A91A1227,IT
22A91A1228,IT
22A91A1229,IT
22A91A1230,IT
22A91A1231,IT
22A91A1232,IT
22A91A1233,IT
22A91A1234,IT
22A91A1235,IT
22A91A1236,IT
22A91A1237,IT
22A91A1238,IT
22A91A1239,IT
22A91A1240,IT
22A91A1242,IT
22A91A1243,IT
22A91A1244,IT
22A91A1245,IT
22A91A1246,IT
22A91A1247,IT
22A91A1248,IT
22A91A1249,IT
22A91A1250,IT
22A91A1251,IT
22A91A1252,IT
22A91A1253,IT
22A91A1254,IT
22A91A1255,IT
22A91A1256,IT
22A91A1257,IT
22A91A1258,IT
22A91A1259,IT
22A91A1260,IT
22A91A1261,IT
22A91A1262,IT
22A91A1263,IT
22A91A1264,IT
22A91A1265,IT
22A91A1266,IT
22A91A1267,IT
22A91A1268,IT
22A91A1269,IT
22A91A1270,IT
22A91A1271,IT
22A91A1272,IT
22A91A1273,IT
22A91A1274,IT
22A91A1275,IT
22A91A1276,IT
22A91A1277,IT
22A91A1278,IT
22A91A1279,IT
22A91A1280,IT
22A91A1281,IT
22A91A1282,IT
22A91A1283,IT
22A91A1284,IT
22A91A1285,IT
22A91A1286,IT
22A91A1287,IT
22A91A1288,IT
22A91A1289,IT
22A91A1290,IT
22A91A1291,IT
22A91A1293,IT
22A91A1294,IT
22A91A1295,IT
22A91A1296,IT
22A91A1297,IT
22A91A1298,IT
22A91A1299,IT
22A91A12A0,IT
22A91A12A1,IT
22A91A12A2,IT
22A91A12A3,IT
22A91A12A4,IT
22A91A12A5,IT
22A91A12A6,IT
22A91A12A7,IT
22A91A12A8,IT
22A91A12A9,IT
22A91A12B0,IT
22A91A12B1,IT
22A91A12B2,IT
22A91A12B3,IT
22A91A12B4,IT
22A91A12B5,IT
22A91A12B6,IT
22A91A12B7,IT
22A91A12B8,IT
22A91A12B9,IT
22A91A12C0,IT
22A91A12C1,IT
22A91A12C2,IT
22A91A12C3,IT
22A91A12C4,IT
22A91A12C5,IT
22A91A12C6,IT
22A91A12C7,IT
22A91A2601,ME
22A91A2602,ME
22A91A2603,ME
22A91A2604,ME
22A91A2605,ME
22A91A2606,ME
22A91A2701,PT
22A91A2702,PT
22A91A2703,PT
22A91A2704,PT
22A91A2705,PT
22A91A2706,PT
22A91A3501,AG
22A91A3502,AG
22A91A3503,AG
22A91A3504,AG
22A91A3505,AG
22A91A3506,AG
22A91A3507,AG
22A91A3508,AG
22A91A3509,AG
22A91A3510,AG
22A91A3511,AG
22A91A3512,AG
22A91A3513,AG
22A91A3514,AG
22A91A3515,AG
22A91A3516,AG
22A91A3517,AG
22A91A3518,AG
22A91A3519,AG
22A91A3520,AG
22A91A3521,AG
22A91A3522,AG
22A91A3523,AG
22A91A3524,AG
22A91A3525,AG
22A91A3526,AG
22A91A4401,CSE-DS
22A91A4402,CSE-DS
22A91A4403,CSE-DS
22A91A4404,CSE-DS
22A91A4405,CSE-DS
22A91A4406,CSE-DS
22A91A4407,CSE-DS
22A91A4408,CSE-DS
22A91A4409,CSE-DS
22A91A4410,CSE-DS
22A91A4411,CSE-DS
22A91A4412,CSE-DS
22A91A4413,CSE-DS
22A91A4414,CSE-DS
22A91A4415,CSE-DS
22A91A4416,CSE-DS
22A91A4417,CSE-DS
22A91A4418,CSE-DS
22A91A4419,CSE-DS
22A91A4420,CSE-DS
22A91A4421,CSE-DS
22A91A4422,CSE-DS
22A91A4423,CSE-DS
22A91A4424,CSE-DS
22A91A4425,CSE-DS
22A91A4426,CSE-DS
22A91A4427,CSE-DS
22A91A4428,CSE-DS
22A91A4429,CSE-DS
22A91A4430,CSE-DS
22A91A4431,CSE-DS
22A91A4432,CSE-DS
22A91A4433,CSE-DS
22A91A4434,CSE-DS
22A91A4435,CSE-DS
22A91A4436,CSE-DS
22A91A4437,CSE-DS
22A91A4438,CSE-DS
22A91A4439,CSE-DS
22A91A4440,CSE-DS
22A91A4441,CSE-DS
22A91A4442,CSE-DS
22A91A4443,CSE-DS
22A91A4444,CSE-DS
22A91A4446,CSE-DS
22A91A4447,CSE-DS
22A91A4448,CSE-DS
22A91A4449,CSE-DS
22A91A4450,CSE-DS
22A91A4451,CSE-DS
22A91A4452,CSE-DS
22A91A4453,CSE-DS
22A91A4454,CSE-DS
22A91A4455,CSE-DS
22A91A4456,CSE-DS
22A91A4457,CSE-DS
22A91A4458,CSE-DS
22A91A4459,CSE-DS
22A91A4460,CSE-DS
22A91A4461,CSE-DS
22A91A4462,CSE-DS
22A91A4463,CSE-DS
22A91A4464,CSE-DS
22A91A4465,CSE-DS
22A91A4466,CSE-DS
22A91A6101,CSE-AI&ML
22A91A6102,CSE-AI&ML
22A91A6103,CSE-AI&ML
22A91A6104,CSE-AI&ML
22A91A6105,CSE-AI&ML
22A91A6106,CSE-AI&ML
22A91A6107,CSE-AI&ML
22A91A6108,CSE-AI&ML
22A91A6109,CSE-AI&ML
22A91A6110,CSE-AI&ML
22A91A6111,CSE-AI&ML
22A91A6112,CSE-AI&ML
22A91A6113,CSE-AI&ML
22A91A6114,CSE-AI&ML
22A91A6115,CSE-AI&ML
22A91A6116,CSE-AI&ML
22A91A6117,CSE-AI&ML
22A91A6118,CSE-AI&ML
22A91A6119,CSE-AI&ML
22A91A6120,CSE-AI&ML
22A91A6121,CSE-AI&ML
22A91A6122,CSE-AI&ML
22A91A6123,CSE-AI&ML
22A91A6124,CSE-AI&ML
22A91A6125,CSE-AI&ML
22A91A6126,CSE-AI&ML
22A91A6127,CSE-AI&ML
22A91A6128,CSE-AI&ML
22A91A6129,CSE-AI&ML
22A91A6130,CSE-AI&ML
22A91A6131,CSE-AI&ML
22A91A6132,CSE-AI&ML
22A91A6133,CSE-AI&ML
22A91A6134,CSE-AI&ML
22A91A6135,CSE-AI&ML
22A91A6136,CSE-AI&ML
22A91A6137,CSE-AI&ML
22A91A6138,CSE-AI&ML
22A91A6139,CSE-AI&ML
22A91A6140,CSE-AI&ML
22A91A6141,CSE-AI&ML
22A91A6142,CSE-AI&ML
22A91A6143,CSE-AI&ML
22A91A6144,CSE-AI&ML
22A91A6145,CSE-AI&ML
22A91A6146,CSE-AI&ML
22A91A6147,CSE-AI&ML
22A91A6148,CSE-AI&ML
22A91A6149,CSE-AI&ML
22A91A6150,CSE-AI&ML
22A91A6151,CSE-AI&ML
22A91A6152,CSE-AI&ML
22A91A6153,CSE-AI&ML
22A91A6154,CSE-AI&ML
22A91A6155,CSE-AI&ML
22A91A6156,CSE-AI&ML
22A91A6157,CSE-AI&ML
22A91A6158,CSE-AI&ML
22A91A6159,CSE-AI&ML
22A91A6160,CSE-AI&ML
22A91A6161,CSE-AI&ML
22A91A6162,CSE-AI&ML
22A91A6163,CSE-AI&ML
22A91A6164,CSE-AI&ML
22A91A6165,CSE-AI&ML
22A91A6167,CSE-AI&ML
22A91A6168,CSE-AI&ML
22A91A6169,CSE-AI&ML
22A91A6170,CSE-AI&ML
22A91A6171,CSE-AI&ML
22A91A6172,CSE-AI&ML
22A91A6173,CSE-AI&ML
22A91A6174,CSE-AI&ML
22A91A6175,CSE-AI&ML
22A91A6176,CSE-AI&ML
22A91A6177,CSE-AI&ML
22A91A6178,CSE-AI&ML
22A91A6179,CSE-AI&ML
22A91A6180,CSE-AI&ML
22A91A6181,CSE-AI&ML
22A91A6182,CSE-AI&ML
22A91A6183,CSE-AI&ML
22A91A6184,CSE-AI&ML
22A91A6185,CSE-AI&ML
22A91A6186,CSE-AI&ML
22A91A6187,CSE-AI&ML
22A91A6188,CSE-AI&ML
22A91A6189,CSE-AI&ML
22A91A6190,CSE-AI&ML
22A91A6191,CSE-AI&ML
22A91A6192,CSE-AI&ML
22A91A6193,CSE-AI&ML
22A91A6194,CSE-AI&ML
22A91A6195,CSE-AI&ML
22A91A6196,CSE-AI&ML
22A91A6197,CSE-AI&ML
22A91A6198,CSE-AI&ML
22A91A6199,CSE-AI&ML
22A91A61A0,CSE-AI&ML
22A91A61A1,CSE-AI&ML
22A91A61A2,CSE-AI&ML
22A91A61A3,CSE-AI&ML
22A91A61A4,CSE-AI&ML
22A91A61A5,CSE-AI&ML
22A91A61A6,CSE-AI&ML
22A91A61A7,CSE-AI&ML
22A91A61A8,CSE-AI&ML
22A91A61A9,CSE-AI&ML
22A91A61B0,CSE-AI&ML
22A91A61B1,CSE-AI&ML
22A91A61B2,CSE-AI&ML
22A91A61B3,CSE-AI&ML
22A91A61B4,CSE-AI&ML
22A91A61B5,CSE-AI&ML
22A91A61B6,CSE-AI&ML
22A91A61B7,CSE-AI&ML
22A91A61B8,CSE-AI&ML
22A91A61B9,CSE-AI&ML
22A91A61C0,CSE-AI&ML
22A91A61C1,CSE-AI&ML
22A91A61C2,CSE-AI&ML
22A91A61C3,CSE-AI&ML
22A91A61C4,CSE-AI&ML
22A91A61C5,CSE-AI&ML
22A91A61C6,CSE-AI&ML
22A91A61C7,CSE-AI&ML
22A91A61C8,CSE-AI&ML
22A91A61C9,CSE-AI&ML
22A91A61D0,CSE-AI&ML
22A91A61D1,CSE-AI&ML
22A91A61D2,CSE-AI&ML
22A91A61D3,CSE-AI&ML
22A91A61D4,CSE-AI&ML
22A91A61D5,CSE-AI&ML
22A91A61D6,CSE-AI&ML
22A91A61D7,CSE-AI&ML
22A91A61D8,CSE-AI&ML
22A91A61D9,CSE-AI&ML
22A91A61E0,CSE-AI&ML
22A91A61E1,CSE-AI&ML
22A91A61E2,CSE-AI&ML
22A91A61E3,CSE-AI&ML
22A91A61E4,CSE-AI&ML
22A91A61E5,CSE-AI&ML
22A91A61E6,CSE-AI&ML
22A91A61E7,CSE-AI&ML
22A91A61E8,CSE-AI&ML
22A91A61E9,CSE-AI&ML
22A91A61F0,CSE-AI&ML
22A91A61F1,CSE-AI&ML
22A91A61F2,CSE-AI&ML
22A91A61F3,CSE-AI&ML
22A91A61F4,CSE-AI&ML
22A91A61F5,CSE-AI&ML
22A91A61F6,CSE-AI&ML
22A91A61F7,CSE-AI&ML
22A91A61F8,CSE-AI&ML
22A91A61F9,CSE-AI&ML
22A91A61G0,CSE-AI&ML
22A91A61G1,CSE-AI&ML
22A91A61G2,CSE-AI&ML
22A91A61G3,CSE-AI&ML
22A91A61G4,CSE-AI&ML
22A91A61G5,CSE-AI&ML
22A91A61G6,CSE-AI&ML
22A91A61G7,CSE-AI&ML
22A91A61G8,CSE-AI&ML
22A91A61G9,CSE-AI&ML
22A91A61H0,CSE-AI&ML
22A91A61H1,CSE-AI&ML
22A91A61H2,CSE-AI&ML
22A91A61H3,CSE-AI&ML
22A91A61H4,CSE-AI&ML
22A91A61H5,CSE-AI&ML
22A91A61H6,CSE-AI&ML
22A91A61H7,CSE-AI&ML
22A91A61H8,CSE-AI&ML
22A91A61H9,CSE-AI&ML
22A91A61I0,CSE-AI&ML
22A91A61I1,CSE-AI&ML
22A91A61I2,CSE-AI&ML
22A91A61I3,CSE-AI&ML
22A91A61I4,CSE-AI&ML
22A91A61I5,CSE-AI&ML
22A91A61I6,CSE-AI&ML
22A91A61I7,CSE-AI&ML
22A91A61I8,CSE-AI&ML
22A91A61I9,CSE-AI&ML
22A91A61J0,CSE-AI&ML
22A91A61J1,CSE-AI&ML
22A91A61J2,CSE-AI&ML
22A91A61J3,CSE-AI&ML
22A91A61J4,CSE-AI&ML
22A91A61J5,CSE-AI&ML
22A91A61J6,CSE-AI&ML
22A91A61J7,CSE-AI&ML
22A91A61J8,CSE-AI&ML
23A95A0101,CIV
23A95A0102,CIV
23A95A0103,CIV
23A95A0104,CIV
23A95A0105,CIV
23A95A0106,CIV
23A95A0107,CIV
23A95A0108,CIV
23A95A0109,CIV
23A95A0110,CIV
23A95A0111,CIV
23A95A0112,CIV
23A95A0113,CIV
23A95A0114,CIV
23A95A0115,CIV
23A95A0116,CIV
23A95A0117,CIV
23A95A0118,CIV
23A95A0119,CIV
23A95A0120,CIV
23A95A0121,CIV
23A95A0122,CIV
23A95A0123,CIV
23A95A0124,CIV
23A95A0125,CIV
23A95A0201,EEE
23A95A0202,EEE
23A95A0203,EEE
23A95A0204,EEE
23A95A0205,EEE
23A95A0206,EEE
23A95A0207,EEE
23A95A0208,EEE
23A95A0209,EEE
23A95A0210,EEE
23A95A0211,EEE
23A95A0212,EEE
23A95A0213,EEE
23A95A0301,MEC
23A95A0302,MEC
23A95A0303,MEC
23A95A0304,MEC
23A95A0305,MEC
23A95A0306,MEC
23A95A0307,MEC
23A95A0308,MEC
23A95A0309,MEC
23A95A0310,MEC
23A95A0311,MEC
23A95A0312,MEC
23A95A0313,MEC
23A95A0314,MEC
23A95A0315,MEC
23A95A0316,MEC
23A95A0317,MEC
23A95A0318,MEC
23A95A0319,MEC
23A95A0320,MEC
23A95A0321,MEC
23A95A0322,MEC
23A95A0401,ECE
23A95A0402,ECE
23A95A0403,ECE
23A95A0404,ECE
23A95A0405,ECE
23A95A0406,ECE
23A95A0407,ECE
23A95A0408,ECE
23A95A0409,ECE
23A95A0410,ECE
23A95A0411,ECE
23A95A0412,ECE
23A95A0413,ECE
23A95A0414,ECE
23A95A0415,ECE
23A95A0416,ECE
23A95A0417,ECE
23A95A0418,ECE
23A95A0419,ECE
23A95A0420,ECE
23A95A0421,ECE
23A95A0422,ECE
23A95A0423,ECE
23A95A0424,ECE
23A95A0425,ECE
23A95A0426,ECE
23A95A0427,ECE
23A95A0501,CSE
23A95A0502,CSE
23A95A0503,CSE
23A95A0504,CSE
23A95A0506,CSE
23A95A0507,CSE
23A95A0508,CSE
23A95A0509,CSE
23A95A0510,CSE
23A95A0511,CSE
23A95A0512,CSE
23A95A0513,CSE
23A95A0514,CSE
23A95A0515,CSE
23A95A0516,CSE
23A95A0517,CSE
23A95A0518,CSE
23A95A1201,IT
23A95A1202,IT
23A95A1203,IT
23A95A1204,IT
23A95A1205,IT
23A95A1206,IT
23A95A1207,IT
23A95A1208,IT
23A95A1209,IT
23A95A1210,IT
23A95A1211,IT
23A95A1212,IT
23A95A1213,IT
23A95A2601,ME
23A95A2602,ME
23A95A2603,ME
23A95A2604,ME
23A95A2605,ME
23A95A2606,ME
23A95A2607,ME
23A95A2608,ME
23A95A2609,ME
23A95A2610,ME
23A95A2611,ME
23A95A2612,ME
23A95A2613,ME
23A95A2614,ME
23A95A2615,ME
23A95A2616,ME
23A95A2617,ME
23A95A2618,ME
23A95A2619,ME
23A95A2620,ME
23A95A2701,PT
23A95A2702,PT
23A95A3501,AG
23A95A3502,AG
23A95A3503,AG
23A95A3504,AG
23A95A3505,AG
23A95A3506,AG
23A95A3507,AG
23A95A3508,AG
23A95A3509,AG
23A95A3510,AG
23A95A3511,AG
23A95A3512,AG
23A95A3513,AG
23A95A3514,AG
23A95A3515,AG
23A95A3516,AG
23A95A3517,AG
23A95A3518,AG
23A95A3519,AG
23A95A3520,AG
23A95A3521,AG
23A95A3522,AG
23A95A3523,AG
23A95A3524,AG
23A95A3525,AG
23A95A3526,AG
23A95A3527,AG
23A95A3528,AG
23A95A3529,AG
23A95A3530,AG
23A95A3531,AG
23A95A3532,AG
23A95A3533,AG
23A95A4401,CSE-DS
23A95A4402,CSE-DS
23A95A4403,CSE-DS
23A95A4404,CSE-DS
23A95A4405,CSE-DS
23A95A4406,CSE-DS
23A95A6101,CSE-AI&ML
23A95A6102,CSE-AI&ML
23A95A6104,CSE-AI&ML
23A95A6105,CSE-AI&ML
23A95A6106,CSE-AI&ML
23A95A6107,CSE-AI&ML
23A95A6108,CSE-AI&ML
23A95A6109,CSE-AI&ML
23A95A6110,CSE-AI&ML
23A95A6111,CSE-AI&ML
23A95A6112,CSE-AI&ML
23A95A6113,CSE-AI&ML
23A95A6114,CSE-AI&ML
23A95A6115,CSE-AI&ML
23A95A6116,CSE-AI&ML
23A95A6117,CSE-AI&ML
23A95A6118,CSE-AI&ML
